,Year,NOC,Athletes,Sports,Events,Gold,Silver,Bronze,Men,Women
0,1960,AFG,16,2,13,0,0,0,16,0
1,1960,AHO,5,1,4,0,0,0,5,0
2,1960,ARG,116,15,54,0,3,1,115,1
3,1960,AUS,277,19,125,10,21,11,219,58
4,1960,AUT,141,18,83,1,2,0,96,45
5,1960,BAH,14,2,8,0,0,0,14,0
6,1960,BEL,150,16,64,0,2,2,130,20
7,1960,BER,7,1,3,0,0,0,7,0
8,1960,BRA,22,7,15,0,0,8,21,1
9,1960,BUL,185,13,67,1,3,3,142,43
10,1960,CAN,168,17,84,1,22,0,119,49
11,1960,CHI,19,4,11,0,0,0,18,1
12,1960,COL,22,5,12,0,0,0,22,0
13,1960,CUB,20,7,14,0,0,0,9,11
14,1960,DEN,108,14,47,2,17,4,97,11
15,1960,ESP,157,15,70,0,0,14,152,5
16,1960,ETH,15,2,8,1,0,0,15,0
17,1960,FIJ,3,1,3,0,0,0,3,0
18,1960,FIN,282,20,110,6,4,9,228,54
19,1960,FRA,383,24,135,0,6,7,306,77
20,1960,GBR,385,20,135,2,11,15,287,98
21,1960,GER,480,25,173,38,36,23,362,118
22,1960,GHA,14,2,11,0,1,0,14,0
23,1960,GRE,50,5,30,3,0,0,50,0
24,1960,GUY,5,2,5,0,0,0,4,1
25,1960,HKG,4,2,3,0,0,0,4,0
26,1960,HUN,311,18,107,13,15,37,241,70
27,1960,INA,22,7,12,0,0,0,20,2
28,1960,IND,48,5,19,0,13,0,48,0
29,1960,IRI,24,5,24,0,1,3,24,0
30,1960,IRL,63,8,39,0,0,0,60,3
31,1960,IRQ,8,3,7,0,0,0,8,0
32,1960,ISL,13,3,13,0,0,0,13,0
33,1960,ISR,41,6,26,0,0,0,22,19
34,1960,ITA,400,24,153,33,15,29,321,79
35,1960,JPN,349,24,116,9,10,12,276,73
36,1960,KEN,27,4,10,0,0,0,27,0
37,1960,KOR,49,9,38,0,0,0,43,6
38,1960,LBR,3,1,3,0,0,0,3,0
39,1960,LIB,24,7,17,0,0,0,24,0
40,1960,LIE,8,3,6,0,0,0,8,0
41,1960,LUX,117,10,48,0,0,0,104,13
42,1960,MAL,11,4,11,0,0,0,11,0
43,1960,MAR,41,7,21,0,1,0,41,0
44,1960,MEX,110,14,55,0,0,1,97,13
45,1960,MLT,13,4,6,0,0,0,13,0
46,1960,MON,13,3,6,0,0,0,13,0
47,1960,MYA,9,5,9,0,0,0,9,0
48,1960,NED,165,15,58,0,2,3,94,71
49,1960,NGR,15,2,12,0,0,0,15,0
50,1960,NOR,62,15,49,3,2,0,61,1
51,1960,NZL,39,8,27,2,0,1,33,6
52,1960,PAK,53,7,35,13,0,1,53,0
53,1960,PAN,8,3,4,0,0,0,2,6
54,1960,PER,33,3,8,0,0,0,33,0
55,1960,PHI,48,7,27,0,0,0,43,5
56,1960,POL,335,21,119,4,12,16,251,84
57,1960,POR,109,11,52,0,2,0,92,17
58,1960,PUR,29,6,13,0,0,0,28,1
59,1960,RHO,12,5,11,0,0,0,11,1
60,1960,ROU,156,13,65,3,1,11,107,49
61,1960,RSA,70,12,45,0,1,2,64,6
62,1960,SGP,5,3,3,0,1,0,5,0
63,1960,SMR,13,3,5,0,0,0,13,0
64,1960,SRI,5,4,5,0,0,0,5,0
65,1960,SUD,7,3,7,0,0,0,7,0
66,1960,SUI,220,18,93,0,6,6,218,2
67,1960,SWE,270,19,111,4,3,3,204,66
68,1960,TCH,217,16,79,4,8,11,168,49
69,1960,THA,24,4,16,0,0,0,24,0
70,1960,TPE,31,6,18,0,1,0,27,4
71,1960,TUN,56,7,22,0,0,0,56,0
72,1960,TUR,39,7,33,5,2,0,35,4
73,1960,UAR,1,1,1,0,0,0,1,0
74,1960,UGA,16,2,11,0,0,0,16,0
75,1960,URS,460,25,166,67,68,60,341,119
76,1960,URU,42,8,15,0,0,0,42,0
77,1960,USA,474,23,164,97,24,22,361,113
78,1960,VEN,53,9,25,0,0,1,44,9
79,1960,VNM,5,2,5,0,0,0,5,0
80,1960,WIF,20,5,13,0,0,5,20,0
81,1960,YUG,184,14,64,16,1,0,162,22
82,1960,ZIM,10,1,6,0,0,0,0,10
83,1964,AFG,2,1,2,0,0,0,2,0
84,1964,AHO,4,2,4,0,0,0,4,0
85,1964,ALG,7,1,7,0,0,0,7,0
86,1964,ARG,147,16,78,0,1,0,136,11
87,1964,AUS,349,19,127,8,3,26,278,71
88,1964,AUT,147,24,80,3,7,1,120,27
89,1964,BAH,12,2,6,2,0,0,12,0
90,1964,BEL,76,14,38,2,0,1,71,5
91,1964,BER,4,1,2,0,0,0,4,0
92,1964,BOL,1,1,1,0,0,0,1,0
93,1964,BRA,31,8,9,0,0,12,30,1
94,1964,BUL,123,11,56,3,4,2,98,25
95,1964,CAM,8,2,7,0,0,0,8,0
96,1964,CAN,241,21,108,2,3,2,171,70
97,1964,CGO,2,1,2,0,0,0,2,0
98,1964,CHA,2,1,2,0,0,0,2,0
99,1964,CHI,27,7,16,0,0,0,27,0
100,1964,CIV,8,2,8,0,0,0,8,0
101,1964,CMR,2,1,2,0,0,0,2,0
102,1964,COL,40,6,19,0,0,0,40,0
103,1964,CRC,1,1,1,0,0,0,1,0
104,1964,CUB,76,6,24,0,1,0,73,3
105,1964,DEN,76,12,45,7,1,4,66,10
106,1964,DOM,1,1,1,0,0,0,1,0
107,1964,EGY,5,3,3,0,0,0,5,0
108,1964,ESP,76,10,38,0,0,0,71,5
109,1964,ETH,19,3,11,1,0,0,19,0
110,1964,FIN,231,20,87,6,7,7,199,32
111,1964,FRA,248,18,103,4,16,17,192,56
112,1964,GBR,352,24,142,6,19,5,265,87
113,1964,GER,621,29,193,25,48,53,465,156
114,1964,GHA,36,3,14,0,0,1,32,4
115,1964,GRE,23,5,18,0,0,0,23,0
116,1964,HKG,50,7,24,0,0,0,49,1
117,1964,HUN,354,22,126,42,7,7,264,90
118,1964,IND,51,7,29,15,0,0,50,1
119,1964,IRI,102,12,61,0,0,2,92,10
120,1964,IRL,35,7,23,0,0,1,33,2
121,1964,IRQ,18,3,14,0,0,0,18,0
122,1964,ISL,6,3,6,0,0,0,5,1
123,1964,ISR,13,3,12,0,0,0,10,3
124,1964,ITA,331,27,115,14,30,17,299,32
125,1964,JAM,31,4,16,0,0,0,22,9
126,1964,JPN,535,29,177,32,5,25,418,117
127,1964,KEN,31,5,15,0,0,0,31,0
128,1964,KOR,242,18,95,0,2,1,196,46
129,1964,LBR,2,1,2,0,0,0,2,0
130,1964,LIB,11,3,6,0,0,0,11,0
131,1964,LIE,13,3,7,0,0,0,13,0
132,1964,LUX,27,7,18,0,0,0,25,2
133,1964,MAD,4,1,4,0,0,0,4,0
134,1964,MAR,5,3,4,0,0,0,5,0
135,1964,MAS,66,9,45,0,0,0,60,6
136,1964,MEX,128,15,58,0,0,1,122,6
137,1964,MGL,49,8,34,0,0,0,36,13
138,1964,MLI,2,1,2,0,0,0,2,0
139,1964,MON,1,1,1,0,0,0,1,0
140,1964,MYA,12,5,11,0,0,0,12,0
141,1964,NED,164,14,61,6,11,16,132,32
142,1964,NEP,2,1,2,0,0,0,2,0
143,1964,NGR,18,2,12,0,0,1,16,2
144,1964,NOR,73,14,38,1,3,3,69,4
145,1964,NZL,88,11,35,4,0,2,65,23
146,1964,PAK,44,7,26,0,16,0,44,0
147,1964,PAN,15,5,10,0,0,0,6,9
148,1964,PER,40,5,19,0,0,0,39,1
149,1964,PHI,69,10,45,0,1,0,55,14
150,1964,POL,323,20,111,10,13,23,237,86
151,1964,POR,22,7,18,0,0,0,17,5
152,1964,PRK,17,2,10,0,1,0,8,9
153,1964,PUR,45,8,29,0,0,0,37,8
154,1964,ROU,262,17,82,2,4,10,198,64
155,1964,SEN,14,1,7,0,0,0,14,0
156,1964,SRI,7,4,6,0,0,0,7,0
157,1964,SUI,220,22,76,1,3,1,202,18
158,1964,SWE,269,21,97,9,24,9,192,77
159,1964,TAN,4,1,4,0,0,0,4,0
160,1964,TCH,236,21,83,5,37,29,193,43
161,1964,THA,65,8,41,0,0,0,56,9
162,1964,TPE,96,7,46,0,0,0,86,10
163,1964,TTO,18,4,10,0,1,5,18,0
164,1964,TUN,10,2,8,0,1,1,10,0
165,1964,TUR,27,5,25,2,2,1,27,0
166,1964,UGA,19,2,14,0,0,0,16,3
167,1964,URS,547,27,181,87,69,58,406,141
168,1964,URU,24,4,8,0,0,1,24,0
169,1964,USA,619,29,190,96,39,42,452,167
170,1964,VEN,23,5,16,0,0,0,21,2
171,1964,VNM,21,5,14,0,0,0,21,0
172,1964,YUG,145,13,43,2,11,2,138,7
173,1964,ZAM,15,5,13,0,0,0,14,1
174,1964,ZIM,33,7,15,0,0,0,27,6
175,1968,AFG,5,1,5,0,0,0,5,0
176,1968,AHO,5,2,4,0,0,0,3,2
177,1968,ALG,9,2,9,0,0,0,9,0
178,1968,ARG,143,13,65,0,0,2,128,15
179,1968,AUS,230,19,112,5,35,11,169,61
180,1968,AUT,166,22,63,3,10,7,136,30
181,1968,BAH,22,3,12,0,0,0,22,0
182,1968,BAR,13,5,10,0,0,0,13,0
183,1968,BEL,104,13,54,0,1,2,88,16
184,1968,BER,6,2,4,0,0,0,6,0
185,1968,BIZ,7,4,6,0,0,0,7,0
186,1968,BOL,4,3,3,0,0,0,4,0
187,1968,BRA,89,13,27,0,1,3,85,4
188,1968,BUL,203,15,76,2,21,3,154,49
189,1968,CAN,389,23,154,4,4,22,284,105
190,1968,CHA,4,1,3,0,0,0,4,0
191,1968,CHI,32,5,24,0,0,0,28,4
192,1968,CIV,9,2,7,0,0,0,9,0
193,1968,CMR,5,2,5,0,1,0,5,0
194,1968,COD,8,1,2,0,0,0,8,0
195,1968,COL,62,5,33,0,0,0,48,14
196,1968,CRC,27,6,18,0,0,0,24,3
197,1968,CUB,227,13,78,0,10,0,177,50
198,1968,DEN,99,12,57,5,6,6,87,12
199,1968,DOM,24,5,16,0,0,0,24,0
200,1968,ECU,41,6,21,0,0,0,39,2
201,1968,EGY,22,4,12,0,0,0,22,0
202,1968,ESA,86,6,47,0,0,0,60,26
203,1968,ESP,147,14,53,0,0,0,144,3
204,1968,ETH,26,3,13,1,1,0,26,0
205,1968,FIN,221,20,85,2,4,6,186,35
206,1968,FRA,418,26,137,16,8,12,310,108
207,1968,FRG,569,27,189,19,19,23,434,135
208,1968,GBR,386,23,153,8,5,5,278,108
209,1968,GDR,418,27,149,15,22,20,318,100
210,1968,GHA,36,3,18,0,0,0,34,2
211,1968,GRE,42,9,27,0,0,1,42,0
212,1968,GUA,65,8,35,0,0,0,61,4
213,1968,GUI,1,1,1,0,0,0,1,0
214,1968,GUY,6,4,6,0,0,0,6,0
215,1968,HKG,25,3,12,0,0,0,25,0
216,1968,HON,6,1,4,0,0,0,6,0
217,1968,HUN,324,19,129,32,20,29,238,86
218,1968,INA,6,2,5,0,0,0,6,0
219,1968,IND,27,5,11,0,0,16,27,0
220,1968,IRI,19,4,16,2,1,2,19,0
221,1968,IRL,56,7,32,0,0,0,45,11
222,1968,IRQ,4,3,4,0,0,0,4,0
223,1968,ISL,23,4,16,0,0,0,17,6
224,1968,ISR,39,4,20,0,0,0,32,7
225,1968,ISV,1,1,1,0,0,0,1,0
226,1968,ITA,346,25,127,13,8,19,297,49
227,1968,JAM,34,5,20,0,1,0,23,11
228,1968,JPN,384,26,125,16,25,22,300,84
229,1968,KEN,46,4,20,3,5,2,43,3
230,1968,KOR,76,15,51,0,1,1,59,17
231,1968,LIB,17,7,14,0,0,0,17,0
232,1968,LIE,20,3,10,0,0,0,17,3
233,1968,LUX,7,5,7,0,0,0,4,3
234,1968,MAD,6,2,6,0,0,0,6,0
235,1968,MAR,16,5,10,0,0,0,16,0
236,1968,MAS,35,4,14,0,0,0,35,0
237,1968,MEX,442,20,146,3,3,3,341,101
238,1968,MGL,48,7,32,0,1,3,32,16
239,1968,MLI,2,2,2,0,0,0,2,0
240,1968,MLT,1,1,1,0,0,0,1,0
241,1968,MON,2,1,1,0,0,0,2,0
242,1968,MYA,4,2,3,0,0,0,4,0
243,1968,NCA,16,3,15,0,0,0,16,0
244,1968,NED,166,12,60,9,10,4,111,55
245,1968,NGR,46,3,18,0,0,0,37,9
246,1968,NOR,168,19,60,14,11,2,110,58
247,1968,NZL,80,9,32,5,0,2,62,18
248,1968,PAK,15,2,3,13,0,0,15,0
249,1968,PAN,16,3,5,0,0,0,16,0
250,1968,PER,33,8,21,0,0,0,17,16
251,1968,PHI,88,9,52,0,0,0,78,10
252,1968,POL,348,23,129,5,2,30,256,92
253,1968,POR,33,6,24,0,0,0,28,5
254,1968,PUR,99,10,54,0,0,0,81,18
255,1968,ROU,140,14,73,5,9,11,118,22
256,1968,SEN,17,2,9,0,0,0,17,0
257,1968,SGP,6,3,6,0,0,0,6,0
258,1968,SLE,4,2,4,0,0,0,4,0
259,1968,SMR,4,2,2,0,0,0,4,0
260,1968,SRI,3,3,3,0,0,0,3,0
261,1968,SUD,1,1,1,0,0,0,1,0
262,1968,SUI,217,19,87,0,5,17,196,21
263,1968,SUR,1,1,1,0,0,0,1,0
264,1968,SWE,298,22,126,7,11,7,239,59
265,1968,TAN,3,1,3,0,0,0,3,0
266,1968,TCH,271,22,87,8,26,16,202,69
267,1968,THA,45,6,18,0,0,0,45,0
268,1968,TPE,93,8,57,0,0,1,62,31
269,1968,TTO,25,5,14,0,0,0,25,0
270,1968,TUN,8,2,7,1,0,1,8,0
271,1968,TUR,35,6,23,2,0,0,35,0
272,1968,UGA,14,2,14,0,1,1,14,0
273,1968,URS,586,26,194,89,69,69,426,160
274,1968,URU,49,7,30,0,0,0,21,28
275,1968,USA,664,28,199,100,37,36,480,184
276,1968,VEN,30,5,17,1,0,0,30,0
277,1968,VNM,9,5,7,0,0,0,7,2
278,1968,YUG,176,15,66,13,14,2,149,27
279,1968,ZAM,4,1,4,0,0,0,4,0
280,1972,AFG,3,1,3,0,0,0,3,0
281,1972,AHO,2,2,2,0,0,0,2,0
282,1972,ALG,6,2,5,0,0,0,6,0
283,1972,ARG,129,13,65,0,1,0,119,10
284,1972,AUS,276,22,117,11,7,2,204,72
285,1972,AUT,210,23,88,1,3,4,173,37
286,1972,BAH,25,4,13,0,0,0,24,1
287,1972,BAR,13,4,9,0,0,0,11,2
288,1972,BEL,103,14,50,0,2,0,96,7
289,1972,BEN,2,1,2,0,0,0,2,0
290,1972,BER,9,3,4,0,0,0,9,0
291,1972,BIZ,2,1,2,0,0,0,2,0
292,1972,BOL,14,3,9,0,0,0,14,0
293,1972,BRA,104,13,44,0,0,2,97,7
294,1972,BUL,237,17,97,6,10,6,178,59
295,1972,BUR,1,1,1,0,0,0,1,0
296,1972,CAM,17,3,14,0,0,0,15,2
297,1972,CAN,412,24,161,0,3,9,274,138
298,1972,CGO,7,1,5,0,0,0,7,0
299,1972,CHA,2,2,2,0,0,0,2,0
300,1972,CHI,10,4,8,0,0,0,9,1
301,1972,CIV,10,2,6,0,0,0,10,0
302,1972,CMR,16,3,10,0,0,0,16,0
303,1972,COL,72,8,39,0,1,2,60,12
304,1972,CRC,4,3,4,0,0,0,4,0
305,1972,CUB,200,14,69,3,1,18,165,35
306,1972,DEN,151,17,71,1,0,0,136,15
307,1972,DOM,5,3,4,0,0,0,5,0
308,1972,ECU,4,2,4,0,0,0,4,0
309,1972,EGY,26,5,16,0,0,0,26,0
310,1972,ESA,8,2,7,0,0,0,8,0
311,1972,ESP,165,17,60,1,0,1,155,10
312,1972,ETH,40,3,20,0,0,2,40,0
313,1972,FIJ,4,1,4,0,0,0,4,0
314,1972,FIN,216,22,96,3,10,7,180,36
315,1972,FRA,370,26,154,2,6,17,310,60
316,1972,FRG,709,33,215,48,21,43,527,182
317,1972,GAB,1,1,1,0,0,0,1,0
318,1972,GBR,493,25,181,8,9,12,339,154
319,1972,GDR,523,25,183,35,67,69,372,151
320,1972,GHA,37,3,17,0,0,1,33,4
321,1972,GRE,71,10,48,0,2,0,65,6
322,1972,GUA,11,3,10,0,0,0,11,0
323,1972,GUY,4,2,4,0,0,0,4,0
324,1972,HAI,7,1,7,0,0,0,6,1
325,1972,HKG,18,5,13,0,0,0,18,0
326,1972,HUN,366,21,134,10,46,25,270,96
327,1972,INA,6,4,6,0,0,0,3,3
328,1972,IND,42,7,26,0,0,14,41,1
329,1972,IRI,65,8,36,0,2,1,65,0
330,1972,IRL,84,12,54,0,0,0,64,20
331,1972,ISL,25,4,11,0,0,0,24,1
332,1972,ISR,17,7,14,0,0,0,13,4
333,1972,ISV,15,4,9,0,0,0,15,0
334,1972,ITA,411,28,144,12,8,14,338,73
335,1972,JAM,51,6,27,0,0,1,32,19
336,1972,JPN,422,30,146,30,20,9,306,116
337,1972,KEN,66,4,27,5,3,4,63,3
338,1972,KOR,53,9,30,0,1,0,35,18
339,1972,KSA,14,1,11,0,0,0,14,0
340,1972,KUW,3,2,3,0,0,0,3,0
341,1972,LBR,5,1,5,0,0,0,5,0
342,1972,LES,2,1,2,0,0,0,2,0
343,1972,LIB,38,10,25,0,1,0,36,2
344,1972,LIE,21,5,17,0,0,0,18,3
345,1972,LUX,7,4,6,0,0,0,7,0
346,1972,MAD,13,2,10,0,0,0,13,0
347,1972,MAR,20,5,16,0,0,0,20,0
348,1972,MAS,36,5,19,0,0,0,31,5
349,1972,MAW,16,2,16,0,0,0,12,4
350,1972,MEX,275,20,110,0,1,0,206,69
351,1972,MGL,47,9,43,0,1,0,46,1
352,1972,MLI,3,2,3,0,0,0,3,0
353,1972,MLT,3,2,2,0,0,0,3,0
354,1972,MON,5,2,4,0,0,0,5,0
355,1972,MYA,19,4,7,0,0,0,19,0
356,1972,NCA,10,3,10,0,0,0,8,2
357,1972,NED,182,18,71,4,4,4,111,71
358,1972,NGR,33,2,21,0,0,1,22,11
359,1972,NOR,275,23,99,4,10,11,200,75
360,1972,NZL,73,13,40,9,2,1,65,8
361,1972,PAK,23,4,9,0,15,0,23,0
362,1972,PAN,5,3,5,0,0,0,5,0
363,1972,PAR,2,2,2,0,0,0,2,0
364,1972,PER,28,7,22,0,0,0,24,4
365,1972,PHI,71,9,45,0,0,0,63,8
366,1972,POL,484,30,167,28,8,11,391,93
367,1972,POR,34,7,26,0,0,0,34,0
368,1972,PRK,89,10,26,1,1,12,69,20
369,1972,PUR,57,9,34,0,0,0,57,0
370,1972,ROU,267,20,109,3,10,27,204,63
371,1972,SEN,31,5,17,0,0,0,31,0
372,1972,SGP,9,3,9,0,0,0,6,3
373,1972,SMR,7,2,4,0,0,0,7,0
374,1972,SOM,4,1,4,0,0,0,4,0
375,1972,SRI,6,2,6,0,0,0,6,0
376,1972,SUD,2,1,2,0,0,0,2,0
377,1972,SUI,344,23,132,7,11,7,255,89
378,1972,SUR,3,2,3,0,0,0,3,0
379,1972,SWE,285,27,120,5,11,10,211,74
380,1972,SWZ,4,2,4,0,0,0,4,0
381,1972,SYR,5,3,4,0,0,0,4,1
382,1972,TAN,20,2,14,0,0,0,20,0
383,1972,TCH,335,23,107,3,21,25,253,82
384,1972,THA,36,7,21,0,0,0,36,0
385,1972,TOG,6,3,4,0,0,0,6,0
386,1972,TPE,52,11,43,0,0,0,38,14
387,1972,TTO,35,4,16,0,0,0,34,1
388,1972,TUN,33,5,11,0,1,0,33,0
389,1972,TUR,50,8,43,0,1,0,49,1
390,1972,UGA,35,3,19,1,1,0,33,2
391,1972,URS,626,31,212,143,53,57,456,170
392,1972,URU,20,5,12,0,0,0,13,7
393,1972,USA,719,31,216,72,77,46,521,198
394,1972,VEN,32,4,26,0,0,0,24,8
395,1972,VNM,1,1,1,0,0,0,1,0
396,1972,YUG,238,19,76,15,1,2,193,45
397,1972,ZAM,12,2,12,0,0,0,8,4
398,1976,AHO,2,1,2,0,0,0,2,0
399,1976,AND,3,2,2,0,0,0,3,0
400,1976,ANT,14,1,8,0,0,0,14,0
401,1976,ARG,94,12,47,0,0,0,76,18
402,1976,AUS,266,22,119,0,15,7,195,71
403,1976,AUT,139,23,66,1,2,3,120,19
404,1976,BAH,16,2,10,0,0,0,14,2
405,1976,BAR,17,2,11,0,0,0,14,3
406,1976,BEL,147,16,78,0,3,6,94,53
407,1976,BER,20,3,12,0,0,1,19,1
408,1976,BIZ,3,2,3,0,0,0,3,0
409,1976,BOL,5,4,5,0,0,0,5,0
410,1976,BRA,87,12,46,0,0,3,77,10
411,1976,BUL,258,15,110,8,13,18,170,88
412,1976,CAN,527,30,186,1,7,15,302,225
413,1976,CAY,2,1,1,0,0,0,2,0
414,1976,CHI,9,4,8,0,0,0,9,0
415,1976,CIV,6,1,5,0,0,0,4,2
416,1976,CMR,2,1,1,0,0,0,2,0
417,1976,COL,43,7,30,0,0,0,37,6
418,1976,CRC,10,4,9,0,0,0,5,5
419,1976,CUB,193,14,75,6,4,14,163,30
420,1976,DEN,80,14,39,3,0,5,68,12
421,1976,DOM,11,3,10,0,0,0,9,2
422,1976,ECU,7,3,7,0,0,0,7,0
423,1976,EGY,26,4,7,0,0,0,26,0
424,1976,ESP,159,15,69,0,6,0,133,26
425,1976,FIJ,2,1,2,0,0,0,0,2
426,1976,FIN,187,22,89,9,12,1,155,32
427,1976,FRA,330,25,143,5,7,9,269,61
428,1976,FRG,535,30,191,23,32,51,394,141
429,1976,GBR,368,24,163,7,15,8,254,114
430,1976,GDR,504,25,167,114,57,56,288,216
431,1976,GRE,39,8,33,0,0,0,37,2
432,1976,GUA,28,5,8,0,0,0,26,2
433,1976,HAI,14,2,14,0,0,0,11,3
434,1976,HKG,48,6,25,0,0,0,44,4
435,1976,HON,3,1,2,0,0,0,3,0
436,1976,HUN,288,18,110,14,6,35,195,93
437,1976,INA,7,4,7,0,0,0,4,3
438,1976,IND,24,4,8,0,0,0,24,0
439,1976,IRI,107,10,53,0,1,1,100,7
440,1976,IRL,57,10,32,0,0,0,52,5
441,1976,ISL,6,2,6,0,0,0,5,1
442,1976,ISR,31,9,16,0,0,0,29,2
443,1976,ISV,20,6,17,0,0,0,16,4
444,1976,ITA,356,28,144,3,27,4,281,75
445,1976,JAM,36,3,18,1,1,0,17,19
446,1976,JPN,403,30,142,25,6,10,284,119
447,1976,KOR,59,6,35,1,1,15,43,16
448,1976,KSA,19,1,13,0,0,0,19,0
449,1976,KUW,16,3,12,0,0,0,16,0
450,1976,LIB,3,2,3,0,0,0,3,0
451,1976,LIE,21,4,17,0,0,2,15,6
452,1976,LUX,5,4,5,0,0,0,5,0
453,1976,MAR,8,2,8,0,0,0,8,0
454,1976,MAS,25,5,9,0,0,0,25,0
455,1976,MEX,128,17,52,1,0,1,113,15
456,1976,MGL,32,5,29,0,1,0,31,1
457,1976,MON,7,2,3,0,0,0,7,0
458,1976,NCA,11,4,11,0,0,0,11,0
459,1976,NED,174,13,60,1,4,15,83,91
460,1976,NEP,1,1,1,0,0,0,1,0
461,1976,NOR,159,18,73,5,10,1,133,26
462,1976,NZL,90,13,46,15,1,9,71,19
463,1976,PAK,19,4,4,0,0,16,19,0
464,1976,PAN,9,5,9,0,0,0,6,3
465,1976,PAR,3,3,3,0,0,0,3,0
466,1976,PER,14,2,3,0,0,0,0,14
467,1976,PHI,17,6,17,0,0,0,17,0
468,1976,PNG,9,3,8,0,0,0,9,0
469,1976,POL,379,27,141,18,29,26,319,60
470,1976,POR,23,6,20,0,2,0,23,0
471,1976,PRK,40,8,21,1,1,0,38,2
472,1976,PUR,95,12,65,0,0,1,75,20
473,1976,ROU,278,15,98,4,27,23,185,93
474,1976,SEN,29,4,23,0,0,0,26,3
475,1976,SGP,4,4,4,0,0,0,3,1
476,1976,SMR,10,3,7,0,0,0,8,2
477,1976,SUI,176,20,59,2,9,8,161,15
478,1976,SUR,3,1,3,0,0,0,3,0
479,1976,SWE,241,23,117,9,1,2,190,51
480,1976,TCH,333,25,105,2,22,9,249,84
481,1976,THA,58,10,32,0,0,1,51,7
482,1976,TPE,5,3,4,0,0,0,5,0
483,1976,TTO,19,2,9,1,0,0,19,0
484,1976,TUN,15,3,4,0,0,0,13,2
485,1976,TUR,33,10,30,0,0,0,32,1
486,1976,URS,641,31,218,145,96,85,432,209
487,1976,URU,5,4,5,0,0,0,2,3
488,1976,USA,660,29,225,73,61,40,446,214
489,1976,VEN,42,6,27,0,1,0,20,22
490,1976,YUG,110,16,55,2,14,3,105,5
491,1980,AFG,11,2,11,0,0,0,11,0
492,1980,ALG,57,9,27,0,0,0,57,0
493,1980,AND,5,2,4,0,0,0,5,0
494,1980,ANG,17,3,14,0,0,0,15,2
495,1980,ARG,4,2,4,0,0,0,4,0
496,1980,AUS,196,18,97,6,2,5,137,59
497,1980,AUT,154,22,69,4,5,3,118,36
498,1980,BEL,87,11,54,1,0,0,57,30
499,1980,BEN,7,1,7,0,0,0,7,0
500,1980,BOL,3,1,3,0,0,0,3,0
501,1980,BOT,8,1,8,0,0,0,8,0
502,1980,BRA,148,14,72,4,0,5,129,19
503,1980,BUL,401,23,155,8,43,39,265,136
504,1980,CAN,57,8,22,0,1,0,32,25
505,1980,CGO,10,2,6,0,0,0,10,0
506,1980,CHN,10,3,8,0,0,0,4,6
507,1980,CMR,23,5,17,0,0,0,22,1
508,1980,COL,28,3,7,0,0,0,28,0
509,1980,CRC,34,5,17,0,0,0,30,4
510,1980,CUB,287,19,92,8,7,5,251,36
511,1980,CYP,17,4,15,0,0,0,13,4
512,1980,DEN,60,13,30,4,2,2,56,4
513,1980,DOM,5,2,5,0,0,0,4,1
514,1980,ECU,13,4,10,0,0,0,12,1
515,1980,ESP,214,19,79,2,19,3,189,25
516,1980,ETH,48,3,26,2,0,2,46,2
517,1980,FIN,210,23,95,4,6,11,186,24
518,1980,FRA,243,19,101,18,5,7,201,42
519,1980,FRG,114,10,34,0,2,6,84,30
520,1980,GBR,368,20,164,6,18,24,251,117
521,1980,GDR,564,25,193,130,96,69,349,215
522,1980,GRE,47,9,32,1,0,4,42,5
523,1980,GUA,10,5,7,0,0,0,10,0
524,1980,GUI,6,3,6,0,0,0,6,0
525,1980,GUY,10,3,10,0,0,1,8,2
526,1980,HUN,393,22,152,8,15,40,270,123
527,1980,IND,61,8,27,16,0,0,58,3
528,1980,IRL,56,11,38,0,2,1,51,5
529,1980,IRQ,22,3,9,0,0,0,22,0
530,1980,ISL,9,2,8,0,0,0,9,0
531,1980,ITA,250,26,110,8,24,8,182,68
532,1980,JAM,32,2,15,0,0,3,18,14
533,1980,JOR,6,1,3,0,0,0,6,0
534,1980,JPN,79,10,27,0,1,0,70,9
535,1980,KOR,14,1,9,0,0,0,6,8
536,1980,KUW,42,5,17,0,0,0,42,0
537,1980,LAO,19,3,16,0,0,0,17,2
538,1980,LES,7,1,6,0,0,0,7,0
539,1980,LIB,5,4,5,0,0,1,5,0
540,1980,LIE,10,2,8,2,2,0,7,3
541,1980,LUX,3,2,3,0,0,0,3,0
542,1980,MAD,17,4,17,0,0,0,11,6
543,1980,MEX,73,12,42,0,1,9,49,24
544,1980,MGL,60,9,44,0,2,2,48,12
545,1980,MLI,3,3,3,0,0,0,3,0
546,1980,MLT,10,3,4,0,0,0,9,1
547,1980,MOZ,1,1,1,0,0,0,1,0
548,1980,MYA,2,2,2,0,0,0,2,0
549,1980,NCA,6,3,6,0,0,0,3,3
550,1980,NED,146,12,66,0,3,5,111,35
551,1980,NEP,9,3,8,0,0,0,9,0
552,1980,NGR,39,4,21,0,0,0,29,10
553,1980,NOR,83,7,28,1,5,8,67,16
554,1980,NZL,5,2,5,0,0,0,5,0
555,1980,PER,38,5,26,0,0,0,18,20
556,1980,POL,457,26,175,3,25,22,330,127
557,1980,POR,18,6,17,0,0,0,13,5
558,1980,PRK,121,8,40,0,3,2,83,38
559,1980,PUR,3,1,3,0,0,0,3,0
560,1980,ROU,365,24,139,7,15,46,246,119
561,1980,SEN,34,4,19,0,0,0,30,4
562,1980,SEY,21,2,15,0,0,0,17,4
563,1980,SLE,29,2,16,0,0,0,22,7
564,1980,SMR,16,5,10,0,0,0,16,0
565,1980,SRI,4,1,1,0,0,0,4,0
566,1980,SUI,154,19,68,4,4,3,128,26
567,1980,SWE,310,27,134,6,8,29,235,75
568,1980,SYR,5,4,5,0,0,0,5,0
569,1980,TAN,45,3,22,0,2,0,37,8
570,1980,TCH,389,28,137,17,18,17,292,97
571,1980,TTO,15,1,5,0,0,0,15,0
572,1980,UGA,14,2,12,0,1,0,14,0
573,1980,URS,757,32,236,199,154,129,512,245
574,1980,USA,144,10,38,24,4,1,103,41
575,1980,VEN,43,7,20,0,1,0,43,0
576,1980,VIE,38,4,31,0,0,0,28,10
577,1980,YUG,194,21,78,12,27,17,161,33
578,1980,ZAM,14,2,10,0,0,0,14,0
579,1980,ZIM,51,10,30,15,0,0,29,22
580,1984,AHO,9,2,8,0,0,0,6,3
581,1984,ALG,20,4,10,0,0,0,20,0
582,1984,AND,8,2,4,0,0,0,8,0
583,1984,ANT,26,2,16,0,0,0,18,8
584,1984,ARG,150,17,82,0,0,0,126,24
585,1984,AUS,350,27,151,7,14,31,244,106
586,1984,AUT,216,27,98,1,1,2,162,54
587,1984,BAH,31,4,23,0,0,0,23,8
588,1984,BAN,2,1,2,0,0,0,2,0
589,1984,BAR,22,5,13,0,0,0,19,3
590,1984,BEL,95,16,54,1,2,2,70,25
591,1984,BEN,3,1,3,0,0,0,3,0
592,1984,BER,13,5,10,0,0,0,12,1
593,1984,BHU,6,1,2,0,0,0,3,3
594,1984,BIZ,13,3,7,0,0,0,13,0
595,1984,BOL,16,6,12,0,0,0,15,1
596,1984,BOT,8,2,6,0,0,0,8,0
597,1984,BRA,185,17,81,1,29,2,157,28
598,1984,BRN,3,2,3,0,0,0,3,0
599,1984,BUL,33,5,11,0,0,0,32,1
600,1984,CAF,3,2,3,0,0,0,3,0
601,1984,CAN,641,31,220,20,36,32,388,253
602,1984,CAY,14,2,7,0,0,0,13,1
603,1984,CGO,10,1,7,0,0,0,8,2
604,1984,CHA,3,1,3,0,0,0,3,0
605,1984,CHI,25,8,23,0,0,0,21,4
606,1984,CHN,350,22,120,24,13,37,214,136
607,1984,CIV,12,3,10,0,1,0,11,1
608,1984,CMR,18,5,14,0,0,1,17,1
609,1984,COD,3,1,3,0,0,0,2,1
610,1984,COL,39,7,30,0,1,0,36,3
611,1984,CRC,22,7,20,0,0,0,21,1
612,1984,CYP,22,5,13,0,0,0,20,2
613,1984,DEN,74,11,33,0,3,10,61,13
614,1984,DJI,2,1,1,0,0,0,2,0
615,1984,DOM,7,3,6,0,0,0,4,3
616,1984,ECU,15,6,14,0,0,0,14,1
617,1984,EGY,124,12,70,0,1,0,118,6
618,1984,ESA,14,5,14,0,0,0,12,2
619,1984,ESP,270,27,113,2,14,3,217,53
620,1984,FIJ,26,5,22,0,0,0,18,8
621,1984,FIN,187,21,96,8,5,18,154,33
622,1984,FRA,386,27,161,20,17,33,302,84
623,1984,FRG,691,35,231,33,76,57,471,220
624,1984,GAB,4,2,4,0,0,0,2,2
625,1984,GAM,14,1,9,0,0,0,9,5
626,1984,GBR,575,27,215,11,20,42,379,196
627,1984,GDR,105,8,31,13,13,7,72,33
628,1984,GEQ,5,1,5,0,0,0,5,0
629,1984,GHA,27,2,17,0,0,0,16,11
630,1984,GRE,86,13,53,0,1,1,80,6
631,1984,GRN,2,2,2,0,0,0,1,1
632,1984,GUA,53,9,40,0,0,0,39,14
633,1984,GUI,1,1,1,0,0,0,1,0
634,1984,GUY,12,3,12,0,0,0,10,2
635,1984,HAI,1,1,1,0,0,0,1,0
636,1984,HKG,87,10,47,0,0,0,60,27
637,1984,HON,3,1,3,0,0,0,2,1
638,1984,HUN,16,4,8,0,0,0,13,3
639,1984,INA,23,6,16,0,0,0,19,4
640,1984,IND,52,7,30,0,0,0,42,10
641,1984,IRL,52,10,32,0,1,0,35,17
642,1984,IRQ,3,2,2,0,0,0,3,0
643,1984,ISL,45,7,23,0,0,1,39,6
644,1984,ISR,65,11,46,0,0,0,46,19
645,1984,ISV,50,6,30,0,0,0,44,6
646,1984,ITA,462,31,181,31,6,28,359,103
647,1984,IVB,12,2,7,0,0,0,12,0
648,1984,JAM,73,5,35,0,5,2,51,22
649,1984,JOR,14,2,11,0,0,0,13,1
650,1984,JPN,440,31,176,10,9,31,323,117
651,1984,KEN,41,5,21,1,0,1,36,5
652,1984,KOR,276,23,112,6,28,7,197,79
653,1984,KSA,16,2,2,0,0,0,16,0
654,1984,KUW,25,5,13,0,0,0,25,0
655,1984,LBR,10,1,7,0,0,0,9,1
656,1984,LES,5,2,4,0,0,0,5,0
657,1984,LIB,24,8,17,0,0,0,23,1
658,1984,LIE,23,6,15,0,0,1,18,5
659,1984,LUX,5,3,4,0,0,0,4,1
660,1984,MAD,5,2,5,0,0,0,5,0
661,1984,MAR,27,5,12,2,0,0,26,1
662,1984,MAS,26,5,12,0,0,0,22,4
663,1984,MAW,23,3,16,0,0,0,23,0
664,1984,MEX,158,19,90,2,3,1,117,41
665,1984,MGL,12,1,3,0,0,0,12,0
666,1984,MLI,2,2,2,0,0,0,2,0
667,1984,MLT,7,5,6,0,0,0,5,2
668,1984,MON,10,6,9,0,0,0,10,0
669,1984,MOZ,13,2,11,0,0,0,11,2
670,1984,MRI,7,1,7,0,0,0,6,1
671,1984,MTN,1,1,1,0,0,0,1,0
672,1984,MYA,1,1,1,0,0,0,1,0
673,1984,NCA,5,2,5,0,0,0,5,0
674,1984,NED,202,17,82,20,7,14,105,97
675,1984,NEP,5,1,3,0,0,0,5,0
676,1984,NGR,36,4,24,0,1,4,33,3
677,1984,NIG,2,1,2,0,0,0,2,0
678,1984,NOR,224,24,102,6,5,7,175,49
679,1984,NZL,168,19,80,16,1,6,127,41
680,1984,OMA,15,2,11,0,0,0,15,0
681,1984,PAK,33,5,15,16,0,0,33,0
682,1984,PAN,8,4,8,0,0,0,8,0
683,1984,PAR,14,4,14,0,0,0,14,0
684,1984,PER,44,10,29,0,1,0,25,19
685,1984,PHI,31,5,27,0,0,0,23,8
686,1984,PNG,12,2,12,0,0,0,7,5
687,1984,POL,42,6,13,0,0,0,28,14
688,1984,POR,48,11,32,1,0,2,37,11
689,1984,PRK,13,1,7,0,0,0,7,6
690,1984,PUR,57,14,44,0,1,1,47,10
691,1984,QAT,11,2,2,0,0,0,11,0
692,1984,ROU,221,19,102,40,31,35,119,102
693,1984,RWA,4,1,4,0,0,0,2,2
694,1984,SAM,3,1,3,0,0,0,3,0
695,1984,SEN,30,5,22,0,0,0,29,1
696,1984,SEY,15,2,15,0,0,0,12,3
697,1984,SGP,14,2,7,0,0,0,14,0
698,1984,SLE,5,2,4,0,0,0,4,1
699,1984,SMR,37,9,30,0,0,0,34,3
700,1984,SOL,1,1,1,0,0,0,1,0
701,1984,SOM,6,1,4,0,0,0,6,0
702,1984,SRI,6,3,5,0,0,0,6,0
703,1984,SUD,5,1,5,0,0,0,5,0
704,1984,SUI,318,26,116,2,11,8,224,94
705,1984,SUR,6,3,6,0,0,0,6,0
706,1984,SWE,352,27,167,10,20,34,261,91
707,1984,SWZ,8,4,8,0,0,0,8,0
708,1984,SYR,7,4,7,0,0,0,7,0
709,1984,TAN,14,2,9,0,0,0,11,3
710,1984,TCH,79,8,22,0,24,4,51,28
711,1984,THA,40,5,25,0,1,0,29,11
712,1984,TOG,5,2,5,0,0,0,5,0
713,1984,TPE,72,17,49,0,0,1,57,15
714,1984,TTO,23,5,14,0,0,0,15,8
715,1984,TUN,28,6,17,0,0,0,24,4
716,1984,TUR,72,12,52,0,0,3,69,3
717,1984,UGA,27,3,22,0,0,0,25,2
718,1984,URS,140,10,38,29,15,12,98,42
719,1984,URU,23,5,11,0,0,0,21,2
720,1984,USA,842,35,255,190,121,50,538,304
721,1984,VEN,40,9,26,0,0,3,40,0
722,1984,YAR,3,1,3,0,0,0,3,0
723,1984,YUG,259,26,86,47,6,35,201,58
724,1984,ZAM,7,2,7,0,0,0,7,0
725,1984,ZIM,20,5,18,0,0,0,17,3
726,1988,AHO,2,1,2,0,0,0,2,0
727,1988,ALG,42,5,27,0,0,0,40,2
728,1988,AND,7,3,6,0,0,0,7,0
729,1988,ANG,26,3,20,0,0,0,15,11
730,1988,ANT,25,4,19,0,0,0,21,4
731,1988,ARG,143,20,61,0,1,12,111,32
732,1988,ARU,12,5,10,0,0,0,5,7
733,1988,ASA,4,3,4,0,0,0,4,0
734,1988,AUS,348,29,157,18,6,11,243,105
735,1988,AUT,202,27,101,4,4,3,168,34
736,1988,BAH,16,4,13,0,0,0,11,5
737,1988,BAN,11,2,8,0,0,0,11,0
738,1988,BAR,16,4,11,0,0,0,14,2
739,1988,BEL,81,17,61,0,0,2,46,35
740,1988,BEN,10,2,7,0,0,0,8,2
741,1988,BER,14,6,12,0,0,0,13,1
742,1988,BHU,6,1,2,0,0,0,6,0
743,1988,BIZ,13,2,7,0,0,0,13,0
744,1988,BOL,14,7,14,0,0,0,10,4
745,1988,BOT,10,2,7,0,0,0,10,0
746,1988,BRA,232,21,106,1,17,5,180,52
747,1988,BRN,12,3,7,0,0,0,12,0
748,1988,BUL,301,21,133,10,14,17,180,121
749,1988,BUR,4,1,4,0,0,0,2,2
750,1988,CAF,15,3,4,0,0,0,15,0
751,1988,CAN,689,33,238,4,7,18,447,242
752,1988,CAY,12,2,7,0,0,0,11,1
753,1988,CGO,10,1,7,0,0,0,7,3
754,1988,CHA,5,1,5,0,0,0,5,0
755,1988,CHI,27,7,18,0,1,0,26,1
756,1988,CHN,429,26,152,6,16,30,234,195
757,1988,CIV,8,3,7,0,0,0,5,3
758,1988,CMR,19,4,19,0,0,0,15,4
759,1988,COD,13,3,13,0,0,0,10,3
760,1988,COK,8,3,8,0,0,0,6,2
761,1988,COL,56,10,33,0,0,1,41,15
762,1988,CRC,32,6,18,0,1,0,12,20
763,1988,CYP,14,5,13,0,0,0,11,3
764,1988,DEN,130,15,73,3,1,3,90,40
765,1988,DJI,6,2,5,0,0,1,6,0
766,1988,DOM,7,3,6,0,0,0,6,1
767,1988,ECU,15,6,15,0,0,0,11,4
768,1988,EGY,58,12,35,0,0,0,57,1
769,1988,ESA,7,4,7,0,0,0,6,1
770,1988,ESP,318,27,137,1,2,2,247,71
771,1988,FIJ,42,6,32,0,0,0,27,15
772,1988,FIN,193,22,88,8,23,7,147,46
773,1988,FRA,499,31,198,13,4,14,361,138
774,1988,FRG,652,34,237,36,44,49,463,189
775,1988,GAB,2,2,2,0,0,0,1,1
776,1988,GAM,3,1,3,0,0,0,2,1
777,1988,GBR,562,30,226,22,17,15,358,204
778,1988,GDR,494,24,188,89,69,54,287,207
779,1988,GEQ,4,1,4,0,0,0,3,1
780,1988,GHA,20,2,12,0,0,0,13,7
781,1988,GRE,72,14,48,0,0,1,53,19
782,1988,GRN,5,2,5,0,0,0,3,2
783,1988,GUA,37,8,16,0,0,0,29,8
784,1988,GUI,2,1,2,0,0,0,2,0
785,1988,GUM,24,7,22,0,0,0,19,5
786,1988,GUY,8,3,8,0,0,0,7,1
787,1988,HAI,5,2,5,0,0,0,4,1
788,1988,HKG,91,11,49,0,0,0,67,24
789,1988,HON,18,3,15,0,0,0,13,5
790,1988,HUN,321,23,140,20,9,15,240,81
791,1988,INA,42,11,32,0,3,0,32,10
792,1988,IND,49,9,23,0,0,0,40,9
793,1988,IRI,26,3,21,0,1,0,26,0
794,1988,IRL,77,12,47,0,0,0,64,13
795,1988,IRQ,6,3,5,0,0,0,6,0
796,1988,ISL,44,6,27,0,0,0,36,8
797,1988,ISR,29,8,20,0,0,0,21,8
798,1988,ISV,46,7,28,0,1,0,40,6
799,1988,ITA,454,31,170,13,11,12,362,92
800,1988,IVB,4,2,4,0,0,0,4,0
801,1988,JAM,55,6,24,0,7,0,36,19
802,1988,JOR,6,3,6,0,0,0,5,1
803,1988,JPN,518,32,203,4,3,14,359,159
804,1988,KEN,86,7,50,5,2,2,80,6
805,1988,KOR,564,31,228,28,37,12,363,201
806,1988,KSA,11,2,10,0,0,0,11,0
807,1988,KUW,31,7,22,0,0,0,31,0
808,1988,LAO,3,2,3,0,0,0,2,1
809,1988,LBA,3,1,3,0,0,0,3,0
810,1988,LBR,7,2,7,0,0,0,4,3
811,1988,LES,6,2,5,0,0,0,6,0
812,1988,LIB,31,8,28,0,0,0,28,3
813,1988,LIE,34,7,27,0,0,1,22,12
814,1988,LUX,14,5,14,0,0,0,10,4
815,1988,MAR,21,3,17,1,0,2,18,3
816,1988,MAS,14,5,12,0,0,0,9,5
817,1988,MAW,21,3,15,0,0,0,21,0
818,1988,MDV,9,1,5,0,0,0,9,0
819,1988,MEX,150,19,88,0,0,2,121,29
820,1988,MGL,32,5,28,0,0,1,25,7
821,1988,MLI,2,1,2,0,0,0,2,0
822,1988,MLT,6,4,6,0,0,0,5,1
823,1988,MON,11,8,10,0,0,0,10,1
824,1988,MOZ,4,2,4,0,0,0,3,1
825,1988,MRI,11,5,9,0,0,0,9,2
826,1988,MTN,7,2,7,0,0,0,7,0
827,1988,MYA,3,1,3,0,0,0,0,3
828,1988,NED,219,18,96,6,7,35,123,96
829,1988,NEP,7,1,5,0,0,0,6,1
830,1988,NGR,49,7,27,0,0,0,38,11
831,1988,NOR,176,18,72,2,25,3,130,46
832,1988,NZL,114,18,65,4,4,15,94,20
833,1988,OMA,11,2,7,0,0,0,11,0
834,1988,PAK,29,5,12,0,0,0,29,0
835,1988,PAN,9,3,9,0,0,0,9,0
836,1988,PAR,8,3,8,0,0,0,8,0
837,1988,PER,26,7,15,0,12,0,11,15
838,1988,PHI,43,12,41,0,0,1,36,7
839,1988,PNG,12,2,12,0,0,0,9,3
840,1988,POL,235,25,121,2,9,10,176,59
841,1988,POR,90,14,59,1,0,0,75,15
842,1988,PRK,7,1,7,0,0,0,2,5
843,1988,PUR,24,8,13,0,0,0,23,1
844,1988,QAT,11,2,9,0,0,0,11,0
845,1988,ROU,187,13,70,8,34,16,85,102
846,1988,RWA,7,1,7,0,0,0,4,3
847,1988,SAM,11,4,11,0,0,0,11,0
848,1988,SEN,20,3,11,0,1,0,19,1
849,1988,SGP,27,3,16,0,0,0,26,1
850,1988,SLE,17,4,12,0,0,0,16,1
851,1988,SMR,22,8,17,0,0,0,22,0
852,1988,SOL,4,3,4,0,0,0,4,0
853,1988,SOM,4,1,4,0,0,0,4,0
854,1988,SRI,9,3,9,0,0,0,5,4
855,1988,SUD,5,2,5,0,0,0,5,0
856,1988,SUI,269,24,111,8,13,7,201,68
857,1988,SUR,10,4,10,1,0,0,6,4
858,1988,SWE,366,32,144,7,5,33,280,86
859,1988,SWZ,12,4,10,0,0,0,12,0
860,1988,SYR,13,4,13,0,0,0,13,0
861,1988,TAN,10,2,9,0,0,0,10,0
862,1988,TCH,293,23,116,3,5,6,194,99
863,1988,TGA,7,2,7,0,0,0,5,2
864,1988,THA,13,4,12,0,0,1,11,2
865,1988,TOG,6,2,6,0,0,0,6,0
866,1988,TPE,135,17,92,0,0,0,84,51
867,1988,TTO,10,3,9,0,0,0,5,5
868,1988,TUN,45,6,14,0,0,0,40,5
869,1988,TUR,59,11,44,1,1,0,51,8
870,1988,UAE,19,1,13,0,0,0,19,0
871,1988,UGA,30,3,22,0,0,0,22,8
872,1988,URS,782,37,259,173,81,111,520,262
873,1988,URU,18,8,14,0,0,0,16,2
874,1988,USA,896,37,274,89,67,58,549,347
875,1988,VAN,6,2,6,0,0,0,4,2
876,1988,VEN,16,7,14,0,0,0,14,2
877,1988,VIE,12,6,12,0,0,0,10,2
878,1988,VIN,1,1,1,0,0,0,0,1
879,1988,YAR,7,3,7,0,0,0,7,0
880,1988,YMD,2,2,2,0,0,0,2,0
881,1988,YUG,217,25,92,15,32,22,162,55
882,1988,ZAM,32,3,11,0,0,0,32,0
883,1988,ZIM,47,10,38,0,0,0,38,9
884,1992,AHO,3,3,3,0,0,0,3,0
885,1992,ALB,1,1,1,0,0,0,0,1
886,1992,ALG,21,5,21,1,0,1,19,2
887,1992,AND,17,4,9,0,0,0,13,4
888,1992,ANG,26,4,15,0,0,0,20,6
889,1992,ANT,13,2,11,0,0,0,10,3
890,1992,ARG,71,18,46,0,0,2,59,12
891,1992,ARU,4,2,3,0,0,0,3,1
892,1992,AUS,311,33,165,13,23,16,203,108
893,1992,AUT,226,25,105,9,16,9,168,58
894,1992,BAH,15,4,11,0,0,1,12,3
895,1992,BAN,7,1,4,0,0,0,7,0
896,1992,BAR,14,4,11,0,0,0,14,0
897,1992,BEL,105,18,71,0,1,2,66,39
898,1992,BEN,5,2,4,0,0,0,3,2
899,1992,BER,9,4,9,0,0,0,5,4
900,1992,BHU,6,1,4,0,0,0,4,2
901,1992,BIH,6,2,6,0,0,0,2,4
902,1992,BIZ,17,2,9,0,0,0,17,0
903,1992,BOL,14,4,11,0,0,0,8,6
904,1992,BOT,6,2,6,0,0,0,6,0
905,1992,BRA,175,20,86,12,1,0,141,34
906,1992,BRN,14,2,10,0,0,0,14,0
907,1992,BUL,267,23,129,3,7,7,173,94
908,1992,BUR,3,1,3,0,0,0,3,0
909,1992,CAF,5,1,5,0,0,0,5,0
910,1992,CAN,621,35,250,32,33,15,371,250
911,1992,CAY,9,3,5,0,0,0,9,0
912,1992,CGO,8,1,5,0,0,0,7,1
913,1992,CHA,5,1,5,0,0,0,3,2
914,1992,CHI,18,6,14,0,0,0,17,1
915,1992,CHN,408,26,154,18,46,17,190,218
916,1992,CIV,14,2,8,0,0,0,8,6
917,1992,CMR,11,1,8,0,0,0,3,8
918,1992,COD,9,3,6,0,0,0,8,1
919,1992,COK,2,2,2,0,0,0,2,0
920,1992,COL,34,9,22,0,0,1,32,2
921,1992,CRC,10,3,10,0,0,0,4,6
922,1992,CRO,41,13,26,0,12,3,36,5
923,1992,CUB,151,16,77,39,11,13,104,47
924,1992,CYP,13,5,13,0,0,0,11,2
925,1992,DEN,87,13,58,2,2,7,60,27
926,1992,DJI,5,2,4,0,0,0,5,0
927,1992,DOM,3,2,3,0,0,0,2,1
928,1992,ECU,10,3,10,0,0,0,6,4
929,1992,EGY,29,10,23,0,0,0,23,6
930,1992,ESA,1,1,1,0,0,0,1,0
931,1992,ESP,357,29,169,26,15,3,272,85
932,1992,EST,96,16,52,1,0,2,77,19
933,1992,ETH,17,2,8,1,0,2,14,3
934,1992,EUN,715,39,263,104,64,62,462,253
935,1992,FIJ,29,4,28,0,0,0,21,8
936,1992,FIN,244,24,115,7,5,8,172,72
937,1992,FRA,668,37,245,14,11,44,442,226
938,1992,GAB,2,2,2,0,0,0,1,1
939,1992,GAM,5,1,3,0,0,0,5,0
940,1992,GBR,589,32,232,8,3,39,392,197
941,1992,GEQ,1,1,1,0,0,0,1,0
942,1992,GER,842,37,287,94,74,67,522,320
943,1992,GHA,19,3,10,0,0,3,19,0
944,1992,GRE,59,14,43,2,0,0,47,12
945,1992,GUA,6,4,6,0,0,0,4,2
946,1992,GUI,7,1,7,0,0,0,6,1
947,1992,GUM,22,5,14,0,0,0,21,1
948,1992,GUY,7,3,7,0,0,0,6,1
949,1992,HAI,3,1,3,0,0,0,3,0
950,1992,HKG,31,9,23,0,0,0,28,3
951,1992,HON,15,2,15,0,0,0,9,6
952,1992,HUN,405,29,185,14,23,8,273,132
953,1992,INA,27,8,19,1,3,1,23,4
954,1992,IND,24,10,16,0,0,0,21,3
955,1992,IOA,53,7,36,0,1,2,40,13
956,1992,IRI,33,4,25,0,1,2,33,0
957,1992,IRL,68,11,44,1,1,0,60,8
958,1992,IRQ,2,1,2,0,0,0,2,0
959,1992,ISL,25,7,19,0,0,0,21,4
960,1992,ISR,14,7,13,0,0,0,13,1
961,1992,ISV,26,7,23,0,0,0,18,8
962,1992,ITA,512,37,199,23,19,21,382,130
963,1992,IVB,2,2,2,0,0,0,2,0
964,1992,JAM,57,5,24,0,3,1,33,24
965,1992,JOR,3,1,3,0,0,0,3,0
966,1992,JPN,528,35,216,6,10,43,349,179
967,1992,KEN,46,3,21,2,4,2,37,9
968,1992,KOR,165,26,95,13,2,11,137,28
969,1992,KSA,3,1,3,0,0,0,3,0
970,1992,KUW,10,5,10,0,0,0,10,0
971,1992,LAO,7,2,7,0,0,0,7,0
972,1992,LAT,74,19,46,0,2,1,60,14
973,1992,LBA,1,1,1,0,0,0,1,0
974,1992,LES,8,1,8,0,0,0,6,2
975,1992,LIB,13,6,11,0,0,0,13,0
976,1992,LIE,23,4,15,0,0,0,18,5
977,1992,LTU,60,13,39,1,0,12,41,19
978,1992,LUX,10,4,10,0,2,0,9,1
979,1992,MAD,12,3,10,0,0,0,5,7
980,1992,MAR,23,5,17,1,1,1,22,1
981,1992,MAS,17,5,10,0,0,2,17,0
982,1992,MAW,3,1,3,0,0,0,3,0
983,1992,MDV,5,1,5,0,0,0,5,0
984,1992,MEX,114,18,62,0,1,0,95,19
985,1992,MGL,24,6,22,0,0,2,19,5
986,1992,MLI,2,1,2,0,0,0,2,0
987,1992,MLT,7,3,7,0,0,0,2,5
988,1992,MON,6,2,3,0,0,0,5,1
989,1992,MOZ,4,1,4,0,0,0,1,3
990,1992,MRI,4,2,4,0,0,0,4,0
991,1992,MTN,5,1,5,0,0,0,5,0
992,1992,MYA,4,1,4,0,0,0,1,3
993,1992,NAM,7,3,6,0,2,0,7,0
994,1992,NCA,3,2,3,0,0,0,3,0
995,1992,NED,290,21,113,6,21,8,151,139
996,1992,NEP,1,1,1,0,0,0,1,0
997,1992,NGR,37,5,21,0,7,4,27,10
998,1992,NOR,245,27,107,11,26,6,168,77
999,1992,NZL,108,15,63,1,7,5,89,19
1000,1992,OMA,5,2,5,0,0,0,5,0
1001,1992,PAK,15,3,9,0,0,7,15,0
1002,1992,PAN,2,2,2,0,0,0,2,0
1003,1992,PAR,18,3,5,0,0,0,15,3
1004,1992,PER,10,5,9,0,1,0,9,1
1005,1992,PHI,24,6,21,0,0,1,20,4
1006,1992,PNG,17,2,14,0,0,0,14,3
1007,1992,POL,361,30,171,5,22,19,253,108
1008,1992,POR,114,14,70,0,0,0,85,29
1009,1992,PRK,28,7,24,3,0,2,24,4
1010,1992,PUR,67,11,35,0,0,1,65,2
1011,1992,QAT,13,1,10,0,0,1,13,0
1012,1992,ROU,216,22,125,5,20,9,120,96
1013,1992,RSA,63,12,46,0,3,0,48,15
1014,1992,RWA,3,1,3,0,0,0,2,1
1015,1992,SAM,4,2,4,0,0,0,4,0
1016,1992,SEN,18,4,15,0,0,0,16,2
1017,1992,SEY,12,3,12,0,0,0,12,0
1018,1992,SGP,16,4,13,0,0,0,10,6
1019,1992,SLE,15,1,12,0,0,0,10,5
1020,1992,SLO,68,13,40,0,0,5,53,15
1021,1992,SMR,16,7,13,0,0,0,16,0
1022,1992,SRI,15,4,15,0,0,0,7,8
1023,1992,SUD,3,1,3,0,0,0,3,0
1024,1992,SUI,300,25,111,3,0,5,218,82
1025,1992,SUR,5,3,5,0,0,1,3,2
1026,1992,SWE,364,30,151,2,27,13,263,101
1027,1992,SWZ,10,2,10,0,0,0,10,0
1028,1992,SYR,5,2,5,0,0,0,4,1
1029,1992,TAN,9,2,7,0,0,0,9,0
1030,1992,TCH,350,33,149,4,3,27,235,115
1031,1992,TGA,4,1,4,0,0,0,4,0
1032,1992,THA,63,9,46,0,0,1,29,34
1033,1992,TOG,8,2,5,0,0,0,8,0
1034,1992,TPE,43,9,16,0,20,0,33,10
1035,1992,TTO,13,2,7,0,0,0,13,0
1036,1992,TUN,7,4,7,0,0,0,5,2
1037,1992,TUR,34,11,30,2,2,1,30,4
1038,1992,UAE,22,2,13,0,0,0,22,0
1039,1992,UGA,5,2,5,0,0,0,4,1
1040,1992,URU,10,6,9,0,0,0,10,0
1041,1992,USA,955,40,303,94,57,86,594,361
1042,1992,VAN,5,1,5,0,0,0,3,2
1043,1992,VEN,16,6,10,0,0,0,13,3
1044,1992,VIE,8,3,8,0,0,0,2,6
1045,1992,VIN,4,1,3,0,0,0,3,1
1046,1992,YEM,3,1,3,0,0,0,3,0
1047,1992,YUG,18,5,14,0,0,0,17,1
1048,1992,ZAM,7,2,7,0,0,0,7,0
1049,1992,ZIM,14,4,14,0,0,0,10,4
1050,1994,AND,11,1,7,0,0,0,8,3
1051,1994,ARG,10,1,7,0,0,0,5,5
1052,1994,ARM,1,1,1,0,0,0,1,0
1053,1994,ASA,1,1,1,0,0,0,1,0
1054,1994,AUS,42,9,24,0,0,3,34,8
1055,1994,AUT,128,10,38,2,3,7,100,28
1056,1994,BEL,6,2,6,0,0,0,2,4
1057,1994,BER,1,1,1,0,0,0,1,0
1058,1994,BIH,4,2,4,0,0,0,3,1
1059,1994,BLR,71,7,29,0,2,0,43,28
1060,1994,BRA,1,1,1,0,0,0,1,0
1061,1994,BUL,37,6,21,0,0,0,21,16
1062,1994,CAN,147,10,47,3,29,5,93,54
1063,1994,CHI,7,1,3,0,0,0,7,0
1064,1994,CHN,30,4,14,0,1,2,10,20
1065,1994,CRO,11,2,7,0,0,0,11,0
1066,1994,CZE,115,7,27,0,0,0,78,37
1067,1994,DEN,9,3,6,0,0,0,9,0
1068,1994,ESP,17,3,8,0,0,0,8,9
1069,1994,EST,67,6,21,0,0,0,38,29
1070,1994,FIJ,1,1,1,0,0,0,1,0
1071,1994,FIN,112,8,31,0,1,29,80,32
1072,1994,FRA,169,10,45,0,1,10,106,63
1073,1994,GBR,47,8,26,0,0,3,39,8
1074,1994,GEO,7,3,6,0,0,0,7,0
1075,1994,GER,184,11,48,18,10,12,122,62
1076,1994,GRE,4,3,4,0,0,0,4,0
1077,1994,HUN,28,5,18,0,0,0,8,20
1078,1994,ISL,14,2,9,0,0,0,11,3
1079,1994,ISR,1,1,1,0,0,0,1,0
1080,1994,ISV,7,2,3,0,0,0,6,1
1081,1994,ITA,193,11,53,14,6,12,132,61
1082,1994,JAM,6,1,2,0,0,0,6,0
1083,1994,JPN,125,11,49,3,5,2,89,36
1084,1994,KAZ,45,6,25,1,2,0,34,11
1085,1994,KOR,40,5,19,5,0,1,22,18
1086,1994,LAT,38,6,19,0,0,0,29,9
1087,1994,LIE,25,3,11,0,0,0,23,2
1088,1994,LTU,11,3,10,0,0,0,5,6
1089,1994,LUX,5,1,5,0,0,0,5,0
1090,1994,MDA,4,1,4,0,0,0,2,2
1091,1994,MEX,1,1,1,0,0,0,1,0
1092,1994,MGL,2,1,2,0,0,0,2,0
1093,1994,MON,6,2,3,0,0,0,6,0
1094,1994,NED,43,4,17,0,1,3,23,20
1095,1994,NOR,159,10,48,8,17,5,111,48
1096,1994,NZL,13,2,8,0,0,0,11,2
1097,1994,POL,59,8,26,0,0,0,26,33
1098,1994,POR,4,1,4,0,0,0,4,0
1099,1994,PUR,3,1,2,0,0,0,3,0
1100,1994,ROU,46,7,26,0,0,0,23,23
1101,1994,RSA,3,2,3,0,0,0,1,2
1102,1994,RUS,194,12,56,16,13,4,118,76
1103,1994,SEN,1,1,1,0,0,0,1,0
1104,1994,SLO,42,3,16,0,0,3,21,21
1105,1994,SMR,3,2,2,0,0,0,3,0
1106,1994,SUI,104,9,34,4,8,4,68,36
1107,1994,SVK,59,6,18,0,0,0,41,18
1108,1994,SWE,151,10,45,23,1,0,103,48
1109,1994,TPE,2,1,1,0,0,0,2,0
1110,1994,TTO,2,1,1,0,0,0,2,0
1111,1994,UKR,53,9,29,1,0,1,25,28
1112,1994,USA,232,12,59,6,8,5,144,88
1113,1994,UZB,7,2,4,1,0,0,3,4
1114,1996,AHO,4,3,4,0,0,0,4,0
1115,1996,ALB,9,5,7,0,0,0,3,6
1116,1996,ALG,30,9,22,2,0,1,26,4
1117,1996,AND,5,3,4,0,0,0,3,2
1118,1996,ANG,24,4,7,0,0,0,12,12
1119,1996,ANT,11,2,6,0,0,0,3,8
1120,1996,ARG,134,17,66,0,19,1,103,31
1121,1996,ARM,30,9,30,1,1,0,30,0
1122,1996,ARU,3,3,3,0,0,0,3,0
1123,1996,ASA,1,1,1,0,0,0,0,1
1124,1996,AUS,540,26,211,32,15,83,306,234
1125,1996,AUT,92,15,53,0,1,2,71,21
1126,1996,AZE,20,7,19,0,1,0,16,4
1127,1996,BAH,33,3,15,0,5,0,20,13
1128,1996,BAN,2,1,2,0,0,0,1,1
1129,1996,BAR,21,7,20,0,0,0,18,3
1130,1996,BDI,7,1,6,1,0,0,6,1
1131,1996,BEL,75,14,52,2,2,2,50,25
1132,1996,BEN,7,1,4,0,0,0,6,1
1133,1996,BER,7,2,6,0,0,0,6,1
1134,1996,BHU,1,1,1,0,0,0,1,0
1135,1996,BIH,7,4,7,0,0,0,6,1
1136,1996,BIZ,4,1,4,0,0,0,2,2
1137,1996,BLR,187,18,97,1,6,11,107,80
1138,1996,BOL,4,2,4,0,0,0,3,1
1139,1996,BOT,6,1,3,0,0,0,6,0
1140,1996,BRA,247,18,92,5,14,43,180,67
1141,1996,BRU,1,1,1,0,0,0,1,0
1142,1996,BUL,179,17,88,3,12,6,126,53
1143,1996,BUR,5,2,5,0,0,0,3,2
1144,1996,CAF,5,1,5,0,0,0,3,2
1145,1996,CAM,4,3,4,0,0,0,2,2
1146,1996,CAN,402,25,189,8,30,12,204,198
1147,1996,CAY,3,3,3,0,0,0,2,1
1148,1996,CGO,3,2,3,0,0,0,1,2
1149,1996,CHA,2,1,2,0,0,0,1,1
1150,1996,CHI,18,7,14,0,0,0,14,4
1151,1996,CHN,436,25,155,19,70,17,177,259
1152,1996,CIV,11,3,6,0,0,0,11,0
1153,1996,CMR,17,3,11,0,0,0,11,6
1154,1996,COD,13,2,2,0,0,0,2,11
1155,1996,COK,3,3,3,0,0,0,2,1
1156,1996,COL,46,9,32,0,0,0,33,13
1157,1996,COM,3,1,3,0,0,0,3,0
1158,1996,CPV,3,1,3,0,0,0,2,1
1159,1996,CRC,8,5,8,1,0,0,5,3
1160,1996,CRO,92,14,50,11,8,0,82,10
1161,1996,CUB,178,15,84,37,8,10,118,60
1162,1996,CYP,20,5,13,0,0,0,18,2
1163,1996,CZE,168,17,110,4,5,4,100,68
1164,1996,DEN,86,12,52,10,1,0,51,35
1165,1996,DJI,4,2,3,0,0,0,4,0
1166,1996,DMA,5,1,5,0,0,0,3,2
1167,1996,DOM,11,4,11,0,0,0,9,2
1168,1996,ECU,22,5,15,1,0,0,21,1
1169,1996,EGY,22,7,14,0,0,0,18,4
1170,1996,ESA,6,3,6,0,0,0,3,3
1171,1996,ESP,378,22,157,23,21,21,231,147
1172,1996,EST,52,13,36,0,0,0,40,12
1173,1996,ETH,17,1,8,2,0,1,8,9
1174,1996,FIJ,17,4,11,0,0,0,14,3
1175,1996,FIN,104,15,74,1,2,1,60,44
1176,1996,FRA,453,25,183,21,10,20,283,170
1177,1996,GAB,9,3,6,0,0,0,8,1
1178,1996,GAM,8,1,5,0,0,0,7,1
1179,1996,GBR,388,22,175,2,15,9,230,158
1180,1996,GBS,3,2,3,0,0,0,3,0
1181,1996,GEO,42,13,39,0,0,2,33,9
1182,1996,GEQ,3,1,3,0,0,0,2,1
1183,1996,GER,625,26,233,42,35,46,381,244
1184,1996,GHA,34,3,13,0,0,0,32,2
1185,1996,GRE,167,18,83,4,4,0,94,73
1186,1996,GRN,2,1,1,0,0,0,2,0
1187,1996,GUA,14,5,10,0,0,0,14,0
1188,1996,GUI,5,2,5,0,0,0,4,1
1189,1996,GUM,5,4,5,0,0,0,4,1
1190,1996,GUY,9,2,6,0,0,0,8,1
1191,1996,HAI,3,3,3,0,0,0,3,0
1192,1996,HKG,17,7,16,1,0,0,15,2
1193,1996,HON,3,2,3,0,0,0,2,1
1194,1996,HUN,311,24,144,8,9,25,192,119
1195,1996,INA,30,9,19,2,1,1,20,10
1196,1996,IND,28,10,16,0,0,1,24,4
1197,1996,IRI,18,6,18,1,1,1,17,1
1198,1996,IRL,61,10,43,3,0,1,44,17
1199,1996,IRQ,1,1,1,0,0,0,1,0
1200,1996,ISL,12,3,12,0,0,0,9,3
1201,1996,ISR,27,8,19,0,0,1,20,7
1202,1996,ISV,12,4,10,0,0,0,5,7
1203,1996,ITA,460,27,172,19,24,28,324,136
1204,1996,IVB,10,1,4,0,0,0,10,0
1205,1996,JAM,63,4,26,1,3,12,31,32
1206,1996,JOR,2,1,2,0,0,0,1,1
1207,1996,JPN,448,27,168,3,26,13,231,217
1208,1996,KAZ,107,13,79,3,2,4,84,23
1209,1996,KEN,49,3,23,1,4,3,40,9
1210,1996,KGZ,34,7,28,0,0,0,32,2
1211,1996,KOR,259,24,120,3,23,6,186,73
1212,1996,KSA,25,4,12,0,0,0,25,0
1213,1996,KUW,11,5,8,0,0,0,11,0
1214,1996,LAO,3,1,2,0,0,0,2,1
1215,1996,LAT,50,12,43,0,1,0,35,15
1216,1996,LBA,5,2,5,0,0,0,5,0
1217,1996,LBR,7,1,3,0,0,0,6,1
1218,1996,LCA,7,1,4,0,0,0,6,1
1219,1996,LES,5,1,4,0,0,0,4,1
1220,1996,LIE,1,1,1,0,0,0,0,1
1221,1996,LTU,69,12,41,0,0,11,53,16
1222,1996,LUX,4,3,4,0,0,0,2,2
1223,1996,MAD,12,4,8,0,0,0,3,9
1224,1996,MAR,26,5,16,0,0,2,25,1
1225,1996,MAS,30,6,17,0,2,1,29,1
1226,1996,MAW,1,1,1,0,0,0,1,0
1227,1996,MDA,39,9,31,0,2,1,35,4
1228,1996,MDV,8,1,5,0,0,0,7,1
1229,1996,MEX,82,14,43,0,0,1,69,13
1230,1996,MGL,16,6,14,0,0,1,11,5
1231,1996,MKD,8,3,8,0,0,0,5,3
1232,1996,MLI,3,1,3,0,0,0,2,1
1233,1996,MLT,5,3,5,0,0,0,3,2
1234,1996,MON,2,2,2,0,0,0,1,1
1235,1996,MOZ,2,2,2,0,0,1,1,1
1236,1996,MRI,22,4,15,0,0,0,22,0
1237,1996,MTN,4,1,4,0,0,0,4,0
1238,1996,MYA,2,1,2,0,0,0,1,1
1239,1996,NAM,8,4,8,0,2,0,7,1
1240,1996,NCA,5,3,4,0,0,0,4,1
1241,1996,NED,219,18,87,33,8,21,139,80
1242,1996,NEP,2,1,2,0,0,0,1,1
1243,1996,NGR,71,6,30,16,4,2,46,25
1244,1996,NOR,115,16,65,2,3,17,54,61
1245,1996,NRU,1,1,1,0,0,0,1,0
1246,1996,NZL,70,12,53,1,1,3,54,16
1247,1996,OMA,4,3,4,0,0,0,4,0
1248,1996,PAK,13,5,9,0,0,0,12,1
1249,1996,PAN,5,5,5,0,0,0,4,1
1250,1996,PAR,2,1,2,0,0,0,2,0
1251,1996,PER,20,6,16,0,0,0,15,5
1252,1996,PHI,11,3,11,0,1,0,6,5
1253,1996,PLE,1,1,1,0,0,0,1,0
1254,1996,PNG,16,2,10,0,0,0,16,0
1255,1996,POL,207,20,126,7,8,7,154,53
1256,1996,POR,110,15,65,1,0,2,81,29
1257,1996,PRK,25,7,20,2,0,1,15,10
1258,1996,PUR,49,10,37,0,0,1,47,2
1259,1996,QAT,12,3,9,0,0,0,12,0
1260,1996,ROU,172,16,98,12,9,11,87,85
1261,1996,RSA,81,12,53,3,1,0,54,27
1262,1996,RUS,529,25,207,35,45,34,305,224
1263,1996,RWA,2,1,2,0,0,0,2,0
1264,1996,SAM,4,2,4,0,0,0,3,1
1265,1996,SCG,65,9,28,1,12,10,54,11
1266,1996,SEN,8,2,6,0,0,0,8,0
1267,1996,SEY,9,5,9,0,0,0,8,1
1268,1996,SGP,22,5,20,0,0,0,14,8
1269,1996,SKN,11,1,5,0,0,0,4,7
1270,1996,SLE,17,1,8,0,0,0,10,7
1271,1996,SLO,40,8,34,0,2,0,27,13
1272,1996,SMR,4,3,4,0,0,0,3,1
1273,1996,SOM,3,1,3,0,0,0,3,0
1274,1996,SRI,10,2,8,0,0,0,4,6
1275,1996,STP,2,1,2,0,0,0,1,1
1276,1996,SUD,3,1,3,0,0,0,3,0
1277,1996,SUI,166,17,83,5,6,0,100,66
1278,1996,SUR,8,3,8,0,0,0,3,5
1279,1996,SVK,95,14,68,1,1,1,71,24
1280,1996,SWE,186,20,99,3,22,5,125,61
1281,1996,SWZ,3,2,2,0,0,0,3,0
1282,1996,SYR,5,3,5,1,0,0,4,1
1283,1996,TAN,6,2,4,0,0,0,5,1
1284,1996,TGA,4,2,4,0,1,0,3,1
1285,1996,THA,42,8,30,1,0,1,28,14
1286,1996,TJK,3,3,3,0,0,0,2,1
1287,1996,TKM,6,6,6,0,0,0,4,2
1288,1996,TOG,6,1,4,0,0,0,6,0
1289,1996,TPE,106,14,62,0,1,0,40,66
1290,1996,TTO,13,5,11,0,0,2,10,3
1291,1996,TUN,35,7,17,0,0,0,33,2
1292,1996,TUR,43,9,39,4,1,1,34,9
1293,1996,UAE,1,1,1,0,0,0,1,0
1294,1996,UGA,6,3,5,0,0,1,5,1
1295,1996,UKR,243,20,133,9,5,16,150,93
1296,1996,URU,6,3,5,0,0,0,6,0
1297,1996,USA,742,30,253,148,43,50,434,308
1298,1996,UZB,68,10,56,0,1,1,60,8
1299,1996,VAN,4,1,4,0,0,0,3,1
1300,1996,VEN,34,11,28,0,0,0,30,4
1301,1996,VIE,1,1,1,0,0,0,0,1
1302,1996,VIN,6,1,4,0,0,0,6,0
1303,1996,YEM,3,1,3,0,0,0,3,0
1304,1996,ZAM,6,2,6,0,1,0,6,0
1305,1996,ZIM,17,5,11,0,0,0,17,0
1306,1998,AND,7,1,5,0,0,0,5,2
1307,1998,ARG,6,2,6,0,0,0,1,5
1308,1998,ARM,4,3,4,0,0,0,4,0
1309,1998,AUS,34,8,22,0,0,1,24,10
1310,1998,AUT,152,12,48,3,5,12,115,37
1311,1998,AZE,4,1,3,0,0,0,2,2
1312,1998,BEL,3,1,3,0,0,1,3,0
1313,1998,BER,1,1,1,0,0,0,1,0
1314,1998,BIH,12,3,8,0,0,0,10,2
1315,1998,BLR,106,8,28,0,0,2,67,39
1316,1998,BUL,34,6,22,1,0,0,14,20
1317,1998,CAN,204,12,55,14,28,7,113,91
1318,1998,CHI,4,1,3,0,0,0,4,0
1319,1998,CHN,81,7,24,0,9,5,22,59
1320,1998,CRO,13,3,10,0,0,0,7,6
1321,1998,CZE,119,9,36,21,1,1,83,36
1322,1998,DEN,12,5,8,0,5,0,6,6
1323,1998,ESP,24,4,8,0,0,0,18,6
1324,1998,EST,48,5,17,0,0,0,35,13
1325,1998,FIN,132,10,34,2,7,49,84,48
1326,1998,FRA,159,12,47,2,1,12,105,54
1327,1998,GBR,38,7,17,0,0,4,32,6
1328,1998,GEO,6,2,6,0,0,0,5,1
1329,1998,GER,217,14,58,22,12,10,121,96
1330,1998,GRE,14,6,9,0,0,0,13,1
1331,1998,HUN,24,6,18,0,0,0,10,14
1332,1998,IND,1,1,1,0,0,0,1,0
1333,1998,IRL,10,2,4,0,0,0,10,0
1334,1998,ISL,5,1,3,0,0,0,4,1
1335,1998,ISR,3,1,2,0,0,0,2,1
1336,1998,ISV,9,2,3,0,0,0,8,1
1337,1998,ITA,179,13,54,3,9,5,120,59
1338,1998,JAM,6,1,2,0,0,0,6,0
1339,1998,JPN,245,14,65,8,1,4,143,102
1340,1998,KAZ,104,7,32,0,0,2,69,35
1341,1998,KEN,1,1,1,0,0,0,1,0
1342,1998,KGZ,2,1,2,0,0,0,2,0
1343,1998,KOR,71,8,28,5,3,1,51,20
1344,1998,LAT,49,6,23,0,0,0,33,16
1345,1998,LIE,13,2,9,0,0,0,12,1
1346,1998,LTU,16,3,11,0,0,0,11,5
1347,1998,LUX,1,1,1,0,0,0,1,0
1348,1998,MDA,4,1,4,0,0,0,2,2
1349,1998,MGL,2,1,2,0,0,0,2,0
1350,1998,MKD,1,1,1,0,0,0,1,0
1351,1998,MON,6,1,2,0,0,0,6,0
1352,1998,NED,48,3,16,5,4,2,21,27
1353,1998,NOR,149,10,48,13,15,12,87,62
1354,1998,NZL,7,5,6,0,0,0,3,4
1355,1998,POL,79,10,35,0,0,0,47,32
1356,1998,POR,2,2,2,0,0,0,1,1
1357,1998,PRK,17,2,7,0,0,0,4,13
1358,1998,PUR,6,2,3,0,0,0,6,0
1359,1998,ROU,29,6,22,0,0,0,20,9
1360,1998,RSA,3,2,3,0,0,0,2,1
1361,1998,RUS,197,12,52,14,32,6,122,75
1362,1998,SCG,2,1,2,0,0,0,1,1
1363,1998,SLO,62,7,21,0,0,0,41,21
1364,1998,SUI,118,12,39,6,5,3,83,35
1365,1998,SVK,64,7,20,0,0,0,45,19
1366,1998,SWE,146,10,42,0,2,5,74,72
1367,1998,TPE,9,3,5,0,0,0,8,1
1368,1998,TTO,2,1,1,0,0,0,2,0
1369,1998,UKR,104,10,41,0,1,0,53,51
1370,1998,URU,1,1,1,0,0,0,1,0
1371,1998,USA,283,14,68,25,4,5,157,126
1372,1998,UZB,3,2,3,0,0,0,1,2
1373,1998,VEN,1,1,1,0,0,0,0,1
1374,2000,AHO,8,6,8,0,0,0,7,1
1375,2000,ALB,5,3,5,0,0,0,2,3
1376,2000,ALG,51,10,42,1,1,3,41,10
1377,2000,AND,5,3,5,0,0,0,3,2
1378,2000,ANG,28,5,5,0,0,0,14,14
1379,2000,ANT,4,2,4,0,0,0,2,2
1380,2000,ARG,164,21,98,0,17,3,112,52
1381,2000,ARM,26,10,26,0,0,1,24,2
1382,2000,ARU,5,3,5,0,0,0,3,2
1383,2000,ASA,4,3,4,0,0,0,3,1
1384,2000,AUS,786,34,270,60,69,54,418,368
1385,2000,AUT,114,17,68,3,1,0,69,45
1386,2000,AZE,31,8,31,2,0,1,24,7
1387,2000,BAH,39,3,18,6,0,5,24,15
1388,2000,BAN,6,3,6,0,0,0,2,4
1389,2000,BAR,28,6,21,0,0,1,18,10
1390,2000,BDI,6,1,5,0,0,0,5,1
1391,2000,BEL,94,16,64,0,3,4,40,54
1392,2000,BEN,4,3,4,0,0,0,3,1
1393,2000,BER,7,4,6,0,0,0,5,2
1394,2000,BHU,2,1,2,0,0,0,1,1
1395,2000,BIH,9,4,9,0,0,0,7,2
1396,2000,BIZ,2,1,2,0,0,0,1,1
1397,2000,BLR,228,20,108,3,8,11,126,102
1398,2000,BOL,4,2,4,0,0,0,2,2
1399,2000,BOT,9,2,5,0,0,0,9,0
1400,2000,BRA,236,24,96,0,12,36,133,103
1401,2000,BRU,1,1,1,0,0,0,1,0
1402,2000,BUL,150,16,85,5,6,2,103,47
1403,2000,BUR,3,3,3,0,0,0,3,0
1404,2000,CAF,3,2,3,0,0,0,1,2
1405,2000,CAM,4,2,4,0,0,0,2,2
1406,2000,CAN,421,29,174,4,4,23,197,224
1407,2000,CAY,4,2,4,0,0,0,1,3
1408,2000,CGO,3,3,3,0,0,0,1,2
1409,2000,CHA,2,1,2,0,0,0,0,2
1410,2000,CHI,57,14,28,0,0,16,49,8
1411,2000,CHN,414,28,163,39,23,17,159,255
1412,2000,CIV,17,5,12,0,0,0,9,8
1413,2000,CMR,35,4,14,14,0,0,24,11
1414,2000,COD,1,1,1,0,0,0,1,0
1415,2000,COK,2,2,2,0,0,0,1,1
1416,2000,COL,54,13,45,1,0,0,30,24
1417,2000,COM,2,1,2,0,0,0,1,1
1418,2000,CPV,2,1,2,0,0,0,1,1
1419,2000,CRC,9,5,9,0,0,2,6,3
1420,2000,CRO,108,12,53,1,0,9,76,32
1421,2000,CUB,270,24,135,18,34,12,178,92
1422,2000,CYP,23,4,20,0,0,0,18,5
1423,2000,CZE,162,20,96,2,3,4,111,51
1424,2000,DEN,124,16,55,18,3,4,68,56
1425,2000,DJI,2,1,2,0,0,0,1,1
1426,2000,DMA,4,2,4,0,0,0,2,2
1427,2000,DOM,12,5,12,0,0,0,10,2
1428,2000,ECU,11,5,11,0,0,0,8,3
1429,2000,EGY,101,20,64,0,0,0,84,17
1430,2000,ERI,3,1,3,0,0,0,2,1
1431,2000,ESA,10,7,10,0,0,0,5,5
1432,2000,ESP,431,27,165,3,19,20,283,148
1433,2000,EST,41,11,29,1,0,2,38,3
1434,2000,ETH,27,2,11,4,1,3,15,12
1435,2000,FIJ,9,5,9,0,0,0,5,4
1436,2000,FIN,88,16,64,3,1,1,51,37
1437,2000,FRA,470,28,196,22,30,14,296,174
1438,2000,FSM,4,3,4,0,0,0,2,2
1439,2000,GAB,4,2,4,0,0,0,2,2
1440,2000,GAM,2,1,2,0,0,0,1,1
1441,2000,GBR,414,23,178,22,20,12,232,182
1442,2000,GBS,2,2,2,0,0,0,1,1
1443,2000,GEO,46,11,40,0,0,6,32,14
1444,2000,GEQ,3,2,3,0,0,0,1,2
1445,2000,GER,565,29,234,31,23,63,327,238
1446,2000,GHA,28,2,13,0,0,0,19,9
1447,2000,GRE,175,23,114,4,6,8,102,73
1448,2000,GRN,2,1,2,0,0,0,1,1
1449,2000,GUA,18,7,14,0,0,0,17,1
1450,2000,GUI,4,3,4,0,0,0,2,2
1451,2000,GUM,6,4,6,0,0,0,4,2
1452,2000,GUY,4,1,4,0,0,0,3,1
1453,2000,HAI,5,3,5,0,0,0,3,2
1454,2000,HKG,46,9,34,0,0,0,27,19
1455,2000,HON,8,2,2,0,0,0,7,1
1456,2000,HUN,237,23,137,25,24,4,144,93
1457,2000,INA,54,12,32,2,4,2,33,21
1458,2000,IND,63,13,37,0,0,1,42,21
1459,2000,IOA,4,3,4,0,0,0,3,1
1460,2000,IRI,34,12,33,3,0,1,33,1
1461,2000,IRL,76,10,52,0,1,0,45,31
1462,2000,IRQ,4,2,4,0,0,0,2,2
1463,2000,ISL,29,5,28,0,0,1,17,12
1464,2000,ISR,58,9,43,0,0,1,45,13
1465,2000,ISV,12,5,12,0,0,0,9,3
1466,2000,ITA,454,29,175,22,14,29,297,157
1467,2000,IVB,1,1,1,0,0,0,1,0
1468,2000,JAM,65,4,28,0,20,3,29,36
1469,2000,JOR,8,6,8,0,0,0,4,4
1470,2000,JPN,363,28,156,5,31,8,226,137
1471,2000,KAZ,158,17,104,3,4,0,105,53
1472,2000,KEN,59,6,24,2,3,2,36,23
1473,2000,KGZ,70,9,58,0,0,1,50,20
1474,2000,KOR,357,26,144,12,26,34,230,127
1475,2000,KSA,23,5,14,0,1,1,23,0
1476,2000,KUW,29,6,10,0,0,1,29,0
1477,2000,LAO,3,2,3,0,0,0,2,1
1478,2000,LAT,60,13,47,1,1,1,43,17
1479,2000,LBA,2,2,2,0,0,0,2,0
1480,2000,LBR,8,1,5,0,0,0,7,1
1481,2000,LCA,5,2,5,0,0,0,3,2
1482,2000,LES,5,3,5,0,0,0,4,1
1483,2000,LIB,5,4,5,0,0,0,3,2
1484,2000,LIE,2,2,2,0,0,0,1,1
1485,2000,LTU,77,15,50,2,0,15,47,30
1486,2000,LUX,9,4,8,0,0,0,2,7
1487,2000,MAD,13,4,10,0,0,0,5,8
1488,2000,MAR,52,9,27,0,1,4,43,9
1489,2000,MAS,54,9,32,0,0,0,41,13
1490,2000,MAW,2,1,2,0,0,0,1,1
1491,2000,MDA,34,7,33,0,1,1,29,5
1492,2000,MDV,4,2,4,0,0,0,2,2
1493,2000,MEX,98,19,67,1,2,3,64,34
1494,2000,MGL,23,6,21,0,0,0,12,11
1495,2000,MKD,15,5,15,0,0,1,7,8
1496,2000,MLI,5,3,5,0,0,0,3,2
1497,2000,MLT,7,5,7,0,0,0,4,3
1498,2000,MON,4,4,4,0,0,0,3,1
1499,2000,MOZ,4,2,4,1,0,0,2,2
1500,2000,MRI,26,8,20,0,0,0,20,6
1501,2000,MTN,2,1,2,0,0,0,1,1
1502,2000,MYA,7,4,7,0,0,0,1,6
1503,2000,NAM,16,6,16,0,0,0,10,6
1504,2000,NCA,4,3,4,0,0,0,3,1
1505,2000,NED,285,21,95,27,29,23,176,109
1506,2000,NEP,5,3,5,0,0,0,2,3
1507,2000,NGR,100,8,37,6,2,0,51,49
1508,2000,NOR,115,15,54,20,4,19,61,54
1509,2000,NRU,2,1,2,0,0,0,1,1
1510,2000,NZL,177,18,95,1,0,3,93,84
1511,2000,OMA,8,3,5,0,0,0,8,0
1512,2000,PAK,26,6,11,0,0,0,25,1
1513,2000,PAN,7,5,7,0,0,0,4,3
1514,2000,PAR,4,3,4,0,0,0,2,2
1515,2000,PER,22,7,12,0,0,0,9,13
1516,2000,PHI,20,8,20,0,0,0,11,9
1517,2000,PLE,2,2,2,0,0,0,1,1
1518,2000,PLW,4,3,4,0,0,0,1,3
1519,2000,PNG,2,2,2,0,0,0,1,1
1520,2000,POL,240,20,133,7,10,7,161,79
1521,2000,POR,64,13,50,0,0,2,51,13
1522,2000,PRK,46,10,33,0,1,3,20,26
1523,2000,PUR,38,10,31,0,0,0,31,7
1524,2000,QAT,18,5,13,0,0,1,18,0
1525,2000,ROU,252,16,116,27,6,13,124,128
1526,2000,RSA,161,17,68,0,2,3,112,49
1527,2000,RUS,598,30,238,66,66,54,333,265
1528,2000,RWA,2,2,2,0,0,0,1,1
1529,2000,SCG,124,13,49,11,1,13,99,25
1530,2000,SEN,32,6,15,0,0,0,9,23
1531,2000,SEY,8,5,8,0,0,0,6,2
1532,2000,SGP,23,4,20,0,0,0,10,13
1533,2000,SKN,4,1,4,0,0,0,2,2
1534,2000,SLO,90,13,53,3,0,0,64,26
1535,2000,SMR,4,3,4,0,0,0,3,1
1536,2000,SOL,1,1,1,0,0,0,0,1
1537,2000,SOM,2,1,2,0,0,0,1,1
1538,2000,SRI,23,4,16,0,1,0,10,13
1539,2000,STP,2,1,2,0,0,0,1,1
1540,2000,SUD,3,2,3,0,0,0,2,1
1541,2000,SUI,138,19,82,1,11,2,83,55
1542,2000,SUR,5,2,5,0,0,0,2,3
1543,2000,SVK,131,16,63,2,3,1,95,36
1544,2000,SWE,198,22,92,4,20,8,123,75
1545,2000,SWZ,6,4,6,0,0,0,4,2
1546,2000,SYR,8,4,7,0,0,0,6,2
1547,2000,TAN,4,1,2,0,0,0,3,1
1548,2000,TGA,3,2,3,0,0,0,2,1
1549,2000,THA,65,11,51,1,0,2,39,26
1550,2000,TJK,4,2,4,0,0,0,2,2
1551,2000,TKM,8,6,8,0,0,0,4,4
1552,2000,TOG,3,2,3,0,0,0,2,1
1553,2000,TPE,75,14,59,0,1,4,33,42
1554,2000,TTO,29,3,18,0,1,1,22,7
1555,2000,TUN,47,10,34,0,0,0,40,7
1556,2000,TUR,67,10,58,3,0,2,47,20
1557,2000,UAE,5,3,5,0,0,0,5,0
1558,2000,UGA,12,4,12,0,0,0,9,3
1559,2000,UKR,366,23,183,3,19,12,215,151
1560,2000,URU,17,7,16,0,1,0,14,3
1561,2000,USA,759,31,265,130,61,50,423,336
1562,2000,UZB,83,12,68,1,1,2,57,26
1563,2000,VAN,2,1,2,0,0,0,1,1
1564,2000,VEN,64,17,49,0,0,0,42,22
1565,2000,VIE,7,4,7,0,1,0,3,4
1566,2000,VIN,4,2,4,0,0,0,2,2
1567,2000,YEM,2,1,2,0,0,0,1,1
1568,2000,ZAM,6,3,6,0,0,0,5,1
1569,2000,ZIM,25,5,18,0,0,0,18,7
1570,2002,AND,5,1,4,0,0,0,3,2
1571,2002,ARG,26,5,17,0,0,0,15,11
1572,2002,ARM,14,3,13,0,0,0,8,6
1573,2002,AUS,41,5,20,2,0,0,22,19
1574,2002,AUT,148,12,40,3,4,13,116,32
1575,2002,AZE,2,1,1,0,0,0,1,1
1576,2002,BEL,13,3,7,0,0,0,13,0
1577,2002,BER,1,1,1,0,0,0,1,0
1578,2002,BIH,4,1,3,0,0,0,4,0
1579,2002,BLR,123,9,38,0,0,1,76,47
1580,2002,BRA,10,4,6,0,0,0,8,2
1581,2002,BUL,54,7,27,0,1,2,26,28
1582,2002,CAN,215,13,64,52,7,15,114,101
1583,2002,CHI,11,2,8,0,0,0,8,3
1584,2002,CHN,104,7,37,2,5,9,34,70
1585,2002,CMR,2,1,2,0,0,0,2,0
1586,2002,CRO,29,5,18,3,1,0,17,12
1587,2002,CYP,2,1,2,0,0,0,2,0
1588,2002,CZE,162,13,50,1,2,0,108,54
1589,2002,DEN,11,2,3,0,0,0,5,6
1590,2002,ESP,16,3,7,0,0,0,10,6
1591,2002,EST,51,5,20,1,1,1,41,10
1592,2002,FIJ,2,1,2,0,0,0,2,0
1593,2002,FIN,165,11,41,7,5,1,102,63
1594,2002,FRA,176,15,54,5,5,5,127,49
1595,2002,GBR,67,10,30,5,0,1,42,25
1596,2002,GEO,6,3,6,0,0,0,4,2
1597,2002,GER,257,14,68,26,23,12,137,120
1598,2002,GRE,15,5,15,0,0,0,10,5
1599,2002,HKG,5,1,3,0,0,0,0,5
1600,2002,HUN,46,7,30,0,0,0,26,20
1601,2002,IND,1,1,1,0,0,0,1,0
1602,2002,IRI,2,2,2,0,0,0,2,0
1603,2002,IRL,9,4,8,0,0,0,7,2
1604,2002,ISL,12,1,7,0,0,0,7,5
1605,2002,ISR,2,1,1,0,0,0,1,1
1606,2002,ISV,8,2,3,0,0,0,6,2
1607,2002,ITA,198,12,66,4,11,6,108,90
1608,2002,JAM,2,1,1,0,0,0,2,0
1609,2002,JPN,203,14,66,0,1,1,115,88
1610,2002,KAZ,99,7,32,0,0,0,47,52
1611,2002,KEN,2,1,2,0,0,0,2,0
1612,2002,KGZ,2,1,2,0,0,0,2,0
1613,2002,KOR,87,9,39,5,2,0,59,28
1614,2002,LAT,68,8,21,0,0,0,60,8
1615,2002,LIB,2,1,2,0,0,0,0,2
1616,2002,LIE,18,2,9,0,0,0,17,1
1617,2002,LTU,21,3,12,0,0,0,16,5
1618,2002,MDA,9,3,9,0,0,0,4,5
1619,2002,MEX,2,2,2,0,0,0,2,0
1620,2002,MGL,3,2,3,0,0,0,3,0
1621,2002,MKD,4,2,4,0,0,0,4,0
1622,2002,MON,7,1,2,0,0,0,7,0
1623,2002,NED,48,4,17,3,5,0,27,21
1624,2002,NEP,2,1,2,0,0,0,2,0
1625,2002,NOR,166,11,49,23,11,7,110,56
1626,2002,NZL,16,5,10,0,0,0,13,3
1627,2002,POL,54,9,27,0,1,1,46,8
1628,2002,ROU,41,8,26,0,0,0,20,21
1629,2002,RSA,4,1,4,0,0,0,4,0
1630,2002,RUS,240,15,62,6,5,27,138,102
1631,2002,SCG,8,2,5,0,0,0,6,2
1632,2002,SLO,88,8,32,0,0,4,55,33
1633,2002,SMR,1,1,1,0,0,0,1,0
1634,2002,SUI,167,13,52,3,7,14,121,46
1635,2002,SVK,79,10,34,0,0,0,56,23
1636,2002,SWE,159,11,47,0,2,24,86,73
1637,2002,THA,2,1,2,0,0,0,2,0
1638,2002,TJK,2,1,2,0,0,0,2,0
1639,2002,TPE,6,2,2,0,0,0,6,0
1640,2002,TTO,3,1,1,0,0,0,3,0
1641,2002,TUR,4,1,4,0,0,0,2,2
1642,2002,UKR,109,11,47,0,0,0,67,42
1643,2002,USA,311,15,78,10,58,15,178,133
1644,2002,UZB,2,1,2,0,0,0,1,1
1645,2002,VEN,4,1,2,0,0,0,3,1
1646,2004,AFG,4,3,4,0,0,0,2,2
1647,2004,AHO,3,2,3,0,0,0,3,0
1648,2004,ALB,7,4,7,0,0,0,5,2
1649,2004,ALG,69,10,57,0,0,0,52,17
1650,2004,AND,6,4,6,0,0,0,4,2
1651,2004,ANG,30,5,5,0,0,0,14,16
1652,2004,ANT,5,2,5,0,0,0,3,2
1653,2004,ARG,179,22,86,28,0,21,124,55
1654,2004,ARM,19,8,19,0,0,0,17,2
1655,2004,ARU,4,3,4,0,0,0,3,1
1656,2004,ASA,3,2,3,0,0,0,2,1
1657,2004,AUS,601,33,219,49,77,31,327,274
1658,2004,AUT,92,18,56,3,4,1,66,26
1659,2004,AZE,37,10,36,1,0,4,30,7
1660,2004,BAH,28,3,18,1,0,1,16,12
1661,2004,BAN,4,3,4,0,0,0,3,1
1662,2004,BAR,15,5,15,0,0,0,14,1
1663,2004,BDI,7,2,5,0,0,0,5,2
1664,2004,BEL,70,14,41,1,0,2,44,26
1665,2004,BEN,4,2,4,0,0,0,2,2
1666,2004,BER,10,6,7,0,0,0,5,5
1667,2004,BHU,2,1,2,0,0,0,1,1
1668,2004,BIH,11,8,11,0,0,0,9,2
1669,2004,BIZ,2,1,2,0,0,0,1,1
1670,2004,BLR,192,22,121,2,5,8,105,87
1671,2004,BOL,11,5,11,0,0,0,4,7
1672,2004,BOT,12,2,8,0,0,0,11,1
1673,2004,BRA,318,26,133,18,19,3,158,160
1674,2004,BRN,10,4,10,0,0,0,7,3
1675,2004,BRU,1,1,1,0,0,0,1,0
1676,2004,BUL,119,19,94,2,1,14,67,52
1677,2004,BUR,5,3,5,0,0,0,3,2
1678,2004,CAF,4,3,4,0,0,0,2,2
1679,2004,CAM,4,2,4,0,0,0,2,2
1680,2004,CAN,391,28,151,3,10,4,200,191
1681,2004,CAY,8,2,8,0,0,0,5,3
1682,2004,CGO,4,3,4,0,0,0,1,3
1683,2004,CHA,1,1,1,0,0,0,0,1
1684,2004,CHI,29,11,25,3,0,1,21,8
1685,2004,CHN,518,31,204,52,27,15,201,317
1686,2004,CIV,5,3,5,0,0,0,2,3
1687,2004,CMR,19,5,15,1,0,0,10,9
1688,2004,COD,6,2,4,0,0,0,5,1
1689,2004,COK,3,2,3,0,0,0,2,1
1690,2004,COL,69,15,59,0,0,2,43,26
1691,2004,COM,2,1,2,0,0,0,1,1
1692,2004,CPV,3,3,3,0,0,0,2,1
1693,2004,CRC,21,6,8,0,0,0,17,4
1694,2004,CRO,100,14,57,15,3,3,76,24
1695,2004,CUB,177,18,108,32,8,22,116,61
1696,2004,CYP,21,7,20,0,0,0,14,7
1697,2004,CZE,171,20,104,1,6,6,95,76
1698,2004,DEN,115,16,59,19,1,9,59,56
1699,2004,DMA,2,1,2,0,0,0,1,1
1700,2004,DOM,33,9,22,1,0,0,17,16
1701,2004,ECU,18,7,15,0,0,0,12,6
1702,2004,EGY,104,17,48,1,1,3,88,16
1703,2004,ERI,5,1,3,0,0,1,4,1
1704,2004,ESA,9,6,9,0,0,0,2,7
1705,2004,ESP,423,27,155,4,17,9,239,184
1706,2004,EST,45,10,34,0,1,2,33,12
1707,2004,ETH,27,2,12,2,3,2,15,12
1708,2004,FIJ,9,6,9,0,0,0,5,4
1709,2004,FIN,67,12,53,0,2,0,44,23
1710,2004,FRA,461,27,193,21,10,22,286,175
1711,2004,FSM,5,3,5,0,0,0,3,2
1712,2004,GAB,5,3,5,0,0,0,3,2
1713,2004,GAM,3,1,3,0,0,0,2,1
1714,2004,GBR,360,24,162,17,25,15,196,164
1715,2004,GBS,3,2,3,0,0,0,1,2
1716,2004,GEO,39,10,38,2,2,0,32,7
1717,2004,GEQ,2,1,2,0,0,0,1,1
1718,2004,GER,592,29,228,41,45,63,349,243
1719,2004,GHA,25,2,9,0,0,0,22,3
1720,2004,GRE,498,33,214,8,18,5,253,245
1721,2004,GRN,5,2,5,0,0,0,3,2
1722,2004,GUA,19,8,17,0,0,0,11,8
1723,2004,GUI,3,2,3,0,0,0,2,1
1724,2004,GUM,4,3,4,0,0,0,3,1
1725,2004,GUY,4,3,4,0,0,0,2,2
1726,2004,HAI,8,4,8,0,0,0,7,1
1727,2004,HKG,42,10,29,0,2,0,19,23
1728,2004,HON,5,4,5,0,0,0,3,2
1729,2004,HUN,258,20,138,24,12,4,145,113
1730,2004,INA,39,14,27,1,1,3,22,17
1731,2004,IND,81,14,43,0,1,0,51,30
1732,2004,IRI,37,10,35,2,2,2,36,1
1733,2004,IRL,53,9,31,0,0,0,37,16
1734,2004,IRQ,24,7,8,0,0,0,23,1
1735,2004,ISL,34,5,20,0,0,0,28,6
1736,2004,ISR,46,14,41,1,0,1,27,19
1737,2004,ISV,9,4,9,0,0,0,7,2
1738,2004,ITA,474,30,175,24,41,39,304,170
1739,2004,IVB,1,1,1,0,0,0,1,0
1740,2004,JAM,61,4,26,6,1,6,27,34
1741,2004,JOR,8,5,8,0,0,0,4,4
1742,2004,JPN,414,31,169,21,20,52,210,204
1743,2004,KAZ,130,17,95,1,4,3,83,47
1744,2004,KEN,46,4,16,1,4,2,22,24
1745,2004,KGZ,32,9,32,0,0,0,25,7
1746,2004,KIR,3,2,3,0,0,0,2,1
1747,2004,KOR,343,25,149,14,28,10,202,141
1748,2004,KSA,16,6,12,0,0,0,16,0
1749,2004,KUW,11,3,9,0,0,0,10,1
1750,2004,LAO,5,3,5,0,0,0,3,2
1751,2004,LAT,45,11,37,0,4,0,34,11
1752,2004,LBA,6,5,6,0,0,0,5,1
1753,2004,LBR,2,1,2,0,0,0,1,1
1754,2004,LCA,2,2,2,0,0,0,1,1
1755,2004,LES,3,2,3,0,0,0,1,2
1756,2004,LIB,5,3,5,0,0,0,3,2
1757,2004,LIE,1,1,1,0,0,0,1,0
1758,2004,LTU,70,13,44,1,2,0,55,15
1759,2004,LUX,14,6,10,0,0,0,7,7
1760,2004,MAD,8,5,8,0,0,0,3,5
1761,2004,MAR,57,9,28,2,1,0,48,9
1762,2004,MAS,38,11,31,0,0,0,27,11
1763,2004,MAW,4,2,4,0,0,0,2,2
1764,2004,MDA,33,8,31,0,0,0,26,7
1765,2004,MDV,4,2,4,0,0,0,2,2
1766,2004,MEX,137,20,68,0,3,1,70,67
1767,2004,MGL,21,7,21,0,0,1,13,8
1768,2004,MKD,13,5,13,0,0,0,7,6
1769,2004,MLI,8,4,5,0,0,0,6,2
1770,2004,MLT,7,5,7,0,0,0,4,3
1771,2004,MON,3,3,3,0,0,0,2,1
1772,2004,MOZ,4,2,4,0,0,0,2,2
1773,2004,MRI,9,5,9,0,0,0,6,3
1774,2004,MTN,2,1,2,0,0,0,1,1
1775,2004,MYA,2,2,2,0,0,0,0,2
1776,2004,NAM,10,5,9,0,0,0,9,1
1777,2004,NCA,6,3,6,0,0,0,2,4
1778,2004,NED,264,22,99,4,51,22,159,105
1779,2004,NEP,6,4,6,0,0,0,3,3
1780,2004,NGR,77,10,29,0,0,8,28,49
1781,2004,NIG,2,1,2,0,0,0,1,1
1782,2004,NOR,60,12,35,5,0,2,42,18
1783,2004,NRU,3,1,3,0,0,0,2,1
1784,2004,NZL,184,18,84,4,2,0,102,82
1785,2004,OMA,2,2,2,0,0,0,2,0
1786,2004,PAK,26,5,11,0,0,0,24,2
1787,2004,PAN,5,2,5,0,0,0,3,2
1788,2004,PAR,22,4,6,0,17,0,20,2
1789,2004,PER,14,10,14,0,0,0,9,5
1790,2004,PHI,20,6,20,0,0,0,15,5
1791,2004,PLE,3,2,3,0,0,0,2,1
1792,2004,PLW,4,3,4,0,0,0,2,2
1793,2004,PNG,6,3,6,0,0,0,4,2
1794,2004,POL,224,21,124,4,2,6,152,72
1795,2004,POR,93,16,63,0,2,1,75,18
1796,2004,PRK,71,9,34,0,4,1,20,51
1797,2004,PUR,52,15,38,0,0,0,39,13
1798,2004,QAT,15,4,14,0,0,0,15,0
1799,2004,ROU,193,16,88,23,5,11,95,98
1800,2004,RSA,128,20,68,4,3,3,79,49
1801,2004,RUS,593,29,235,48,46,95,328,265
1802,2004,RWA,4,2,4,0,0,0,2,2
1803,2004,SAM,3,2,3,0,0,0,2,1
1804,2004,SCG,96,14,39,0,13,0,87,9
1805,2004,SEN,21,6,17,0,0,0,8,13
1806,2004,SEY,10,7,10,0,0,0,8,2
1807,2004,SGP,22,6,16,0,0,0,7,15
1808,2004,SKN,2,1,2,0,0,0,1,1
1809,2004,SLE,2,1,2,0,0,0,1,1
1810,2004,SLO,102,10,66,0,2,3,67,35
1811,2004,SMR,5,3,5,0,0,0,4,1
1812,2004,SOL,2,1,2,0,0,0,1,1
1813,2004,SOM,2,1,2,0,0,0,1,1
1814,2004,SRI,8,3,8,0,0,0,4,4
1815,2004,STP,2,1,2,0,0,0,1,1
1816,2004,SUD,4,1,4,0,0,0,3,1
1817,2004,SUI,138,19,83,1,2,4,80,58
1818,2004,SUR,4,2,4,0,0,0,2,2
1819,2004,SVK,84,14,59,3,2,5,58,26
1820,2004,SWE,157,20,79,5,5,2,82,75
1821,2004,SWZ,3,2,3,0,0,0,2,1
1822,2004,SYR,6,5,6,0,0,1,5,1
1823,2004,TAN,9,1,6,0,0,0,7,2
1824,2004,TGA,5,4,5,0,0,0,4,1
1825,2004,THA,51,13,46,3,1,4,30,21
1826,2004,TJK,9,5,9,0,0,0,5,4
1827,2004,TKM,10,6,10,0,0,0,7,3
1828,2004,TLS,1,1,1,0,0,0,0,1
1829,2004,TOG,3,2,3,0,0,0,2,1
1830,2004,TPE,104,14,52,2,4,3,57,47
1831,2004,TTO,26,4,18,0,0,1,16,10
1832,2004,TUN,63,14,36,0,0,0,51,12
1833,2004,TUR,74,10,65,3,3,5,47,27
1834,2004,UAE,5,3,5,1,0,0,5,0
1835,2004,UGA,11,4,10,0,0,0,9,2
1836,2004,UKR,357,23,175,8,8,31,195,162
1837,2004,URU,18,6,16,0,0,0,16,2
1838,2004,USA,723,31,254,117,75,70,385,338
1839,2004,UZB,79,14,71,2,1,2,57,22
1840,2004,VAN,2,1,2,0,0,0,1,1
1841,2004,VEN,53,15,51,0,0,2,35,18
1842,2004,VIE,11,8,10,0,0,0,6,5
1843,2004,VIN,3,2,3,0,0,0,2,1
1844,2004,YEM,3,3,3,0,0,0,3,0
1845,2004,ZAM,6,3,6,0,0,0,4,2
1846,2004,ZIM,14,4,11,1,1,1,9,5
1847,2006,ALB,3,1,3,0,0,0,3,0
1848,2006,ALG,3,2,3,0,0,0,1,2
1849,2006,AND,10,2,7,0,0,0,10,0
1850,2006,ARG,17,5,13,0,0,0,8,9
1851,2006,ARM,9,3,5,0,0,0,8,1
1852,2006,AUS,45,10,31,1,0,1,27,18
1853,2006,AUT,132,12,42,16,7,7,99,33
1854,2006,AZE,2,1,1,0,0,0,1,1
1855,2006,BEL,8,3,6,0,0,0,8,0
1856,2006,BER,1,1,1,0,0,0,1,0
1857,2006,BIH,9,3,9,0,0,0,5,4
1858,2006,BLR,70,7,27,0,1,0,28,42
1859,2006,BRA,12,4,9,0,0,0,9,3
1860,2006,BUL,44,8,25,0,1,0,19,25
1861,2006,CAN,297,15,78,30,28,11,164,133
1862,2006,CHI,15,2,10,0,0,0,10,5
1863,2006,CHN,146,9,51,2,5,6,65,81
1864,2006,CRO,46,6,20,1,2,0,29,17
1865,2006,CYP,2,1,2,0,0,0,2,0
1866,2006,CZE,170,13,53,1,2,24,117,53
1867,2006,DEN,4,1,1,0,0,0,0,4
1868,2006,ESP,28,5,15,0,0,0,12,16
1869,2006,EST,63,6,28,3,0,0,39,24
1870,2006,ETH,1,1,1,0,0,0,1,0
1871,2006,FIN,140,11,36,0,34,7,93,47
1872,2006,FRA,159,10,55,3,2,10,90,69
1873,2006,GBR,54,9,30,0,1,0,32,22
1874,2006,GEO,4,2,4,0,0,0,3,1
1875,2006,GER,263,15,70,23,25,6,147,116
1876,2006,GRE,8,3,8,0,0,0,5,3
1877,2006,HKG,3,1,3,0,0,0,0,3
1878,2006,HUN,32,6,22,0,0,0,18,14
1879,2006,IND,5,3,5,0,0,0,3,2
1880,2006,IRI,1,1,1,0,0,0,1,0
1881,2006,IRL,4,3,4,0,0,0,2,2
1882,2006,ISL,12,1,8,0,0,0,8,4
1883,2006,ISR,6,2,3,0,0,0,4,2
1884,2006,ITA,290,15,79,11,0,14,173,117
1885,2006,JPN,190,14,70,1,0,0,103,87
1886,2006,KAZ,97,7,33,0,0,0,67,30
1887,2006,KEN,1,1,1,0,0,0,1,0
1888,2006,KGZ,2,1,2,0,0,0,2,0
1889,2006,KOR,85,9,37,14,3,2,55,30
1890,2006,LAT,92,8,25,0,0,1,72,20
1891,2006,LIB,7,2,7,0,0,0,2,5
1892,2006,LIE,12,2,9,0,0,0,9,3
1893,2006,LTU,14,4,13,0,0,0,7,7
1894,2006,LUX,1,1,1,0,0,0,0,1
1895,2006,MAD,2,1,2,0,0,0,2,0
1896,2006,MDA,10,3,8,0,0,0,3,7
1897,2006,MGL,2,1,2,0,0,0,1,1
1898,2006,MKD,5,2,5,0,0,0,3,2
1899,2006,MON,10,2,9,0,0,0,5,5
1900,2006,NED,63,4,23,3,2,8,33,30
1901,2006,NEP,1,1,1,0,0,0,1,0
1902,2006,NOR,161,10,47,2,9,12,105,56
1903,2006,NZL,18,5,10,0,0,0,10,8
1904,2006,POL,91,11,47,0,1,1,57,34
1905,2006,POR,1,1,1,0,0,0,1,0
1906,2006,PRK,7,2,5,0,0,0,2,5
1907,2006,ROU,53,8,30,0,0,0,27,26
1908,2006,RSA,9,3,9,0,0,0,9,0
1909,2006,RUS,283,15,75,16,12,13,172,111
1910,2006,SCG,11,4,10,0,0,0,5,6
1911,2006,SLO,96,9,38,0,0,0,57,39
1912,2006,SMR,1,1,1,0,0,0,1,0
1913,2006,SUI,181,13,50,5,7,9,119,62
1914,2006,SVK,114,9,39,0,1,0,76,38
1915,2006,SWE,167,9,49,35,21,8,94,73
1916,2006,THA,1,1,1,0,0,0,1,0
1917,2006,TJK,3,1,3,0,0,0,3,0
1918,2006,TPE,1,1,1,0,0,0,1,0
1919,2006,TUR,17,3,14,0,0,0,10,7
1920,2006,UKR,109,9,42,0,0,3,61,48
1921,2006,USA,324,15,83,9,11,32,187,137
1922,2006,UZB,4,2,3,0,0,0,2,2
1923,2006,VEN,1,1,1,0,0,0,1,0
1924,2008,AFG,4,2,4,0,0,1,3,1
1925,2008,AHO,4,3,4,0,0,0,4,0
1926,2008,ALB,12,6,12,0,0,0,7,5
1927,2008,ALG,56,12,43,0,1,1,35,21
1928,2008,AND,5,4,5,0,0,0,3,2
1929,2008,ANG,33,6,8,0,0,0,18,15
1930,2008,ANT,5,2,5,0,0,0,4,1
1931,2008,ARG,145,19,71,20,0,31,89,56
1932,2008,ARM,25,7,23,0,0,5,23,2
1933,2008,ARU,2,2,2,0,0,0,2,0
1934,2008,ASA,1,1,1,0,0,0,0,1
1935,2008,AUS,570,31,219,31,42,76,299,271
1936,2008,AUT,93,16,62,0,1,2,55,38
1937,2008,AZE,44,10,37,1,2,4,30,14
1938,2008,BAH,33,4,22,0,6,1,22,11
1939,2008,BAN,5,3,5,0,0,0,3,2
1940,2008,BAR,10,3,10,0,0,0,8,2
1941,2008,BDI,3,2,3,0,0,0,1,2
1942,2008,BEL,112,16,55,1,4,0,90,22
1943,2008,BEN,5,3,5,0,0,0,3,2
1944,2008,BER,6,4,6,0,0,0,2,4
1945,2008,BHU,2,1,2,0,0,0,1,1
1946,2008,BIH,7,4,7,0,0,0,6,1
1947,2008,BIZ,4,2,4,0,0,0,3,1
1948,2008,BLR,237,24,122,8,5,16,141,96
1949,2008,BOL,6,4,6,0,0,0,3,3
1950,2008,BOT,11,3,11,0,0,0,9,2
1951,2008,BRA,334,28,143,14,34,30,172,162
1952,2008,BRN,15,3,11,0,0,0,12,3
1953,2008,BUL,87,15,60,1,1,3,52,35
1954,2008,BUR,6,4,6,0,0,0,3,3
1955,2008,CAF,1,1,1,0,0,0,1,0
1956,2008,CAM,4,2,4,0,0,0,2,2
1957,2008,CAN,449,30,185,11,13,11,261,188
1958,2008,CAY,6,2,6,0,0,0,5,1
1959,2008,CGO,4,3,4,0,0,0,3,1
1960,2008,CHA,1,1,1,0,0,0,0,1
1961,2008,CHI,29,14,26,0,1,0,22,7
1962,2008,CHN,725,34,257,74,53,57,373,352
1963,2008,CIV,22,5,7,0,0,0,20,2
1964,2008,CMR,29,9,13,1,0,0,23,6
1965,2008,COD,3,3,3,0,0,0,3,0
1966,2008,COK,1,1,1,0,0,0,0,1
1967,2008,COL,90,16,74,0,1,1,57,33
1968,2008,COM,1,1,1,0,0,0,0,1
1969,2008,CPV,2,2,2,0,0,0,1,1
1970,2008,CRC,8,4,8,0,0,0,6,2
1971,2008,CRO,125,15,66,0,2,3,95,30
1972,2008,CUB,171,18,102,2,34,11,110,61
1973,2008,CYP,17,5,16,0,0,0,6,11
1974,2008,CZE,158,21,105,3,4,0,87,71
1975,2008,DEN,108,16,62,6,7,6,76,32
1976,2008,DMA,2,1,2,0,0,0,2,0
1977,2008,DOM,27,9,21,1,1,0,19,8
1978,2008,ECU,26,9,23,0,1,0,18,8
1979,2008,EGY,84,17,51,0,0,1,55,29
1980,2008,ERI,11,1,6,0,0,0,9,2
1981,2008,ESA,14,9,14,0,0,0,4,10
1982,2008,ESP,355,29,147,7,47,16,209,146
1983,2008,EST,53,13,42,1,2,0,36,17
1984,2008,ETH,29,1,10,4,1,2,15,14
1985,2008,FIJ,6,5,6,0,0,0,4,2
1986,2008,FIN,70,14,55,1,2,2,38,32
1987,2008,FRA,446,25,205,25,24,28,264,182
1988,2008,FSM,5,3,5,0,0,0,3,2
1989,2008,GAB,4,3,4,0,0,0,2,2
1990,2008,GAM,1,1,1,0,0,0,1,0
1991,2008,GBR,420,23,185,31,25,25,211,209
1992,2008,GBS,3,2,3,0,0,0,2,1
1993,2008,GEO,38,11,35,3,0,3,29,9
1994,2008,GEQ,2,1,2,0,0,0,1,1
1995,2008,GER,558,30,207,42,16,41,313,245
1996,2008,GHA,6,2,6,0,0,0,5,1
1997,2008,GRE,176,23,105,0,3,4,97,79
1998,2008,GRN,8,2,7,0,0,0,4,4
1999,2008,GUA,13,9,12,0,0,0,9,4
2000,2008,GUI,4,2,4,0,0,0,2,2
2001,2008,GUM,7,5,7,0,0,0,5,2
2002,2008,GUY,3,2,3,0,0,0,1,2
2003,2008,HAI,6,3,6,0,0,0,3,3
2004,2008,HKG,47,11,33,0,0,0,22,25
2005,2008,HON,26,5,8,0,0,0,24,2
2006,2008,HUN,216,20,126,16,8,3,113,103
2007,2008,INA,26,7,17,2,2,3,15,11
2008,2008,IND,67,12,48,1,0,2,38,29
2009,2008,IRI,55,12,40,1,0,1,52,3
2010,2008,IRL,62,12,42,0,1,2,44,18
2011,2008,IRQ,4,2,3,0,0,0,3,1
2012,2008,ISL,31,5,18,0,14,0,22,9
2013,2008,ISR,58,12,45,0,0,1,33,25
2014,2008,ISV,8,5,8,0,0,0,6,2
2015,2008,ITA,458,29,190,8,14,20,275,183
2016,2008,IVB,2,1,2,0,0,0,1,1
2017,2008,JAM,63,4,28,5,3,5,29,34
2018,2008,JOR,6,5,6,0,0,0,3,3
2019,2008,JPN,453,31,176,23,15,13,233,220
2020,2008,KAZ,146,19,106,2,4,7,72,74
2021,2008,KEN,42,5,24,6,4,4,26,16
2022,2008,KGZ,22,9,22,0,1,1,18,4
2023,2008,KIR,2,2,2,0,0,0,2,0
2024,2008,KOR,328,27,142,40,11,26,207,121
2025,2008,KSA,17,3,10,0,0,0,17,0
2026,2008,KUW,8,5,7,0,0,0,8,0
2027,2008,LAO,4,2,4,0,0,0,2,2
2028,2008,LAT,53,11,33,1,1,1,35,18
2029,2008,LBA,6,4,6,0,0,0,4,2
2030,2008,LBR,3,1,3,0,0,0,1,2
2031,2008,LCA,4,2,4,0,0,0,1,3
2032,2008,LES,4,1,2,0,0,0,3,1
2033,2008,LIB,5,3,5,0,0,0,3,2
2034,2008,LIE,2,2,2,0,0,0,2,0
2035,2008,LTU,78,16,54,0,2,3,45,33
2036,2008,LUX,19,7,17,0,0,0,15,4
2037,2008,MAD,6,4,6,0,0,0,4,2
2038,2008,MAR,38,7,26,0,1,1,27,11
2039,2008,MAS,39,10,27,0,1,0,25,14
2040,2008,MAW,2,2,2,0,0,0,1,1
2041,2008,MDA,30,8,28,0,0,1,22,8
2042,2008,MDV,4,2,4,0,0,0,2,2
2043,2008,MEX,103,23,73,2,0,2,52,51
2044,2008,MGL,30,7,28,2,1,0,13,17
2045,2008,MHL,4,3,4,0,0,0,2,2
2046,2008,MKD,7,5,7,0,0,0,5,2
2047,2008,MLI,5,4,5,0,0,0,2,3
2048,2008,MLT,6,4,6,0,0,0,3,3
2049,2008,MNE,20,6,8,0,0,0,18,2
2050,2008,MON,5,5,5,0,0,0,4,1
2051,2008,MOZ,4,3,4,0,0,0,2,2
2052,2008,MRI,10,6,10,0,0,1,5,5
2053,2008,MTN,2,1,2,0,0,0,1,1
2054,2008,MYA,7,5,7,0,0,0,5,2
2055,2008,NAM,10,4,9,0,0,0,5,5
2056,2008,NCA,6,4,6,0,0,0,3,3
2057,2008,NED,283,20,98,39,18,4,160,123
2058,2008,NEP,8,6,8,0,0,0,4,4
2059,2008,NGR,85,9,33,0,16,7,40,45
2060,2008,NOR,90,14,46,10,4,1,39,51
2061,2008,NRU,1,1,1,0,0,0,1,0
2062,2008,NZL,201,17,78,4,2,9,112,89
2063,2008,OMA,4,3,4,0,0,0,3,1
2064,2008,PAK,22,4,7,0,0,0,20,2
2065,2008,PAN,5,3,5,1,0,0,3,2
2066,2008,PAR,7,5,7,0,0,0,3,4
2067,2008,PER,12,10,12,0,0,0,6,6
2068,2008,PHI,17,8,17,0,0,0,11,6
2069,2008,PLE,3,2,3,0,0,0,1,2
2070,2008,PLW,5,3,5,0,0,0,3,2
2071,2008,PNG,9,5,9,0,0,0,5,4
2072,2008,POL,312,23,161,6,13,1,180,132
2073,2008,POR,87,16,65,1,1,0,58,29
2074,2008,PRK,64,12,38,2,1,3,22,42
2075,2008,PUR,31,8,31,0,0,0,24,7
2076,2008,QAT,20,6,14,0,0,0,20,0
2077,2008,ROU,172,16,80,5,1,16,84,88
2078,2008,RSA,179,20,89,0,1,0,99,80
2079,2008,RUS,598,29,242,43,46,53,313,285
2080,2008,RWA,4,2,4,0,0,0,2,2
2081,2008,SAM,7,5,7,0,0,0,5,2
2082,2008,SEN,12,7,12,0,0,0,5,7
2083,2008,SEY,9,6,8,0,0,0,6,3
2084,2008,SGP,36,6,25,0,3,0,13,23
2085,2008,SKN,6,1,5,0,0,0,2,4
2086,2008,SLE,3,2,3,0,0,0,2,1
2087,2008,SLO,73,11,60,1,2,2,46,27
2088,2008,SMR,3,3,3,0,0,0,2,1
2089,2008,SOL,2,2,2,0,0,0,1,1
2090,2008,SOM,2,1,2,0,0,0,1,1
2091,2008,SRB,97,11,42,0,1,14,70,27
2092,2008,SRI,9,6,9,0,0,0,5,4
2093,2008,STP,4,2,4,0,0,0,3,1
2094,2008,SUD,8,2,7,0,1,0,5,3
2095,2008,SUI,116,20,75,3,1,7,68,48
2096,2008,SUR,4,2,4,0,0,0,2,2
2097,2008,SVK,64,12,51,4,5,1,38,26
2098,2008,SWE,167,20,81,0,5,2,72,95
2099,2008,SWZ,4,2,4,0,0,0,2,2
2100,2008,SYR,7,5,7,0,0,0,6,1
2101,2008,TAN,8,2,6,0,0,0,6,2
2102,2008,TGA,3,2,3,0,0,0,2,1
2103,2008,THA,53,12,43,2,2,0,23,30
2104,2008,TJK,16,8,16,0,1,1,13,3
2105,2008,TKM,10,6,9,0,0,0,6,4
2106,2008,TLS,1,1,1,0,0,0,0,1
2107,2008,TOG,4,4,4,0,0,1,3,1
2108,2008,TPE,91,14,40,0,0,4,47,44
2109,2008,TTO,31,4,18,5,1,0,19,12
2110,2008,TUN,28,10,27,1,0,0,16,12
2111,2008,TUR,71,12,67,1,3,3,50,21
2112,2008,TUV,1,1,1,0,0,0,1,0
2113,2008,UAE,8,6,8,0,0,0,7,1
2114,2008,UGA,11,4,10,0,0,0,9,2
2115,2008,UKR,327,24,177,10,5,16,161,166
2116,2008,URU,13,6,12,0,0,0,10,3
2117,2008,USA,756,32,258,127,110,79,390,366
2118,2008,UZB,69,14,67,1,2,3,49,20
2119,2008,VAN,2,2,2,0,0,0,1,1
2120,2008,VEN,125,21,82,0,0,1,68,57
2121,2008,VIE,17,8,17,0,1,0,8,9
2122,2008,VIN,1,1,1,0,0,0,0,1
2123,2008,YEM,7,3,7,0,0,0,6,1
2124,2008,ZAM,7,4,7,0,0,0,5,2
2125,2008,ZIM,14,5,13,1,3,0,6,8
2126,2010,ALB,2,1,2,0,0,0,2,0
2127,2010,ALG,1,1,1,0,0,0,1,0
2128,2010,AND,20,3,15,0,0,0,13,7
2129,2010,ARG,20,3,11,0,0,0,8,12
2130,2010,ARM,6,2,6,0,0,0,3,3
2131,2010,AUS,49,11,32,2,1,0,26,23
2132,2010,AUT,132,13,43,11,9,6,91,41
2133,2010,AZE,4,1,4,0,0,0,2,2
2134,2010,BEL,10,4,8,0,0,0,6,4
2135,2010,BER,1,1,1,0,0,0,1,0
2136,2010,BIH,10,3,8,0,0,0,3,7
2137,2010,BLR,95,6,28,1,1,1,53,42
2138,2010,BRA,7,3,7,0,0,0,3,4
2139,2010,BUL,41,6,26,0,0,0,26,15
2140,2010,CAN,308,15,83,67,15,8,170,138
2141,2010,CAY,1,1,1,0,0,0,1,0
2142,2010,CHI,10,1,8,0,0,0,5,5
2143,2010,CHN,127,10,44,9,3,7,44,83
2144,2010,COL,2,1,2,0,0,0,0,2
2145,2010,CRO,37,4,15,0,2,1,27,10
2146,2010,CYP,4,1,4,0,0,0,2,2
2147,2010,CZE,172,13,59,2,0,7,120,52
2148,2010,DEN,23,7,16,0,0,0,13,10
2149,2010,ESP,35,7,23,0,0,0,20,15
2150,2010,EST,64,4,26,0,1,0,37,27
2151,2010,ETH,1,1,1,0,0,0,1,0
2152,2010,FIN,146,10,41,0,1,46,93,53
2153,2010,FRA,196,13,63,2,6,6,125,71
2154,2010,GBR,77,11,43,1,0,0,48,29
2155,2010,GEO,9,2,6,0,0,0,5,4
2156,2010,GER,259,15,77,15,24,15,154,105
2157,2010,GHA,1,1,1,0,0,0,1,0
2158,2010,GRE,12,3,10,0,0,0,7,5
2159,2010,HKG,3,1,3,0,0,0,0,3
2160,2010,HUN,32,5,20,0,0,0,11,21
2161,2010,IND,3,3,3,0,0,0,3,0
2162,2010,IRI,7,2,5,0,0,0,5,2
2163,2010,IRL,7,4,6,0,0,0,3,4
2164,2010,ISL,7,1,5,0,0,0,5,2
2165,2010,ISR,4,2,3,0,0,0,3,1
2166,2010,ITA,208,13,69,1,1,3,128,80
2167,2010,JAM,1,1,1,0,0,0,1,0
2168,2010,JPN,153,14,61,0,5,2,81,72
2169,2010,KAZ,100,8,44,0,1,0,52,48
2170,2010,KGZ,3,2,3,0,0,0,2,1
2171,2010,KOR,84,12,38,6,10,2,49,35
2172,2010,LAT,81,9,29,0,3,0,61,20
2173,2010,LIB,6,1,5,0,0,0,2,4
2174,2010,LIE,5,2,4,0,0,0,4,1
2175,2010,LTU,13,3,10,0,0,0,8,5
2176,2010,MAR,2,1,2,0,0,0,2,0
2177,2010,MDA,11,4,10,0,0,0,7,4
2178,2010,MEX,2,1,2,0,0,0,2,0
2179,2010,MGL,2,1,2,0,0,0,1,1
2180,2010,MKD,4,2,4,0,0,0,3,1
2181,2010,MNE,2,1,2,0,0,0,2,0
2182,2010,MON,6,2,5,0,0,0,2,4
2183,2010,NED,65,4,22,4,1,6,30,35
2184,2010,NEP,1,1,1,0,0,0,1,0
2185,2010,NOR,169,11,54,15,11,8,123,46
2186,2010,NZL,22,8,17,0,0,0,13,9
2187,2010,PAK,1,1,1,0,0,0,1,0
2188,2010,PER,5,2,5,0,0,0,3,2
2189,2010,POL,106,11,50,1,3,4,45,61
2190,2010,POR,1,1,1,0,0,0,1,0
2191,2010,PRK,3,2,3,0,0,0,1,2
2192,2010,ROU,49,9,26,0,0,0,21,28
2193,2010,RSA,2,2,2,0,0,0,2,0
2194,2010,RUS,279,15,77,6,5,14,153,126
2195,2010,SLO,107,10,41,0,2,1,61,46
2196,2010,SMR,1,1,1,0,0,0,1,0
2197,2010,SRB,15,4,8,0,0,0,7,8
2198,2010,SUI,190,14,56,6,0,6,124,66
2199,2010,SVK,107,8,34,1,1,1,64,43
2200,2010,SWE,172,9,44,11,3,4,92,80
2201,2010,TJK,4,1,4,0,0,0,4,0
2202,2010,TPE,1,1,1,0,0,0,1,0
2203,2010,TUR,9,3,9,0,0,0,3,6
2204,2010,UKR,95,9,36,0,0,0,44,51
2205,2010,USA,341,15,84,12,63,22,196,145
2206,2010,UZB,5,2,5,0,0,0,2,3
2207,2012,AFG,6,4,6,0,0,1,5,1
2208,2012,ALB,10,5,9,0,0,0,7,3
2209,2012,ALG,35,12,25,1,0,0,18,17
2210,2012,AND,5,4,5,0,0,0,4,1
2211,2012,ANG,35,6,10,0,0,0,6,29
2212,2012,ANT,4,2,4,0,0,0,2,2
2213,2012,ARG,144,23,62,1,15,3,103,41
2214,2012,ARM,31,9,30,0,1,2,27,4
2215,2012,ARU,4,3,4,0,0,0,3,1
2216,2012,ASA,3,2,3,0,0,0,2,1
2217,2012,AUS,494,27,190,18,37,59,255,239
2218,2012,AUT,90,19,69,0,0,0,52,38
2219,2012,AZE,48,14,46,2,2,6,33,15
2220,2012,BAH,26,2,14,4,0,0,15,11
2221,2012,BAN,7,5,7,0,0,0,6,1
2222,2012,BAR,8,3,6,0,0,0,8,0
2223,2012,BDI,5,2,5,0,0,0,2,3
2224,2012,BEL,142,16,71,0,1,2,93,49
2225,2012,BEN,4,3,4,0,0,0,3,1
2226,2012,BER,6,4,6,0,0,0,3,3
2227,2012,BHU,2,2,2,0,0,0,0,2
2228,2012,BIH,8,4,8,0,0,0,6,2
2229,2012,BIZ,3,2,3,0,0,0,2,1
2230,2012,BLR,180,23,108,3,9,8,97,83
2231,2012,BOL,4,2,4,0,0,0,2,2
2232,2012,BOT,3,1,3,0,1,0,2,1
2233,2012,BRA,296,27,138,14,33,11,160,136
2234,2012,BRN,14,3,11,0,0,1,4,10
2235,2012,BRU,3,2,3,0,0,0,2,1
2236,2012,BUL,75,17,56,0,1,1,39,36
2237,2012,BUR,5,3,5,0,0,0,2,3
2238,2012,CAF,4,2,4,0,0,0,2,2
2239,2012,CAM,6,4,6,0,0,0,3,3
2240,2012,CAN,354,28,179,1,21,33,146,208
2241,2012,CAY,7,2,5,0,0,0,7,0
2242,2012,CGO,7,3,6,0,0,0,4,3
2243,2012,CHA,2,2,2,0,0,0,0,2
2244,2012,CHI,44,17,36,0,0,0,26,18
2245,2012,CHN,479,29,206,56,40,29,212,267
2246,2012,CIV,10,6,10,0,0,0,4,6
2247,2012,CMR,31,9,15,0,0,0,9,22
2248,2012,COD,4,3,4,0,0,0,3,1
2249,2012,COK,9,5,9,0,0,0,4,5
2250,2012,COL,115,19,76,1,3,4,55,60
2251,2012,COM,3,2,3,0,0,0,1,2
2252,2012,CPV,3,2,3,0,0,0,1,2
2253,2012,CRC,11,6,11,0,0,0,8,3
2254,2012,CRO,115,16,52,15,4,15,67,48
2255,2012,CUB,86,14,68,5,3,6,56,30
2256,2012,CYP,13,7,12,0,1,0,9,4
2257,2012,CZE,159,21,99,4,4,6,81,78
2258,2012,DEN,148,16,68,3,5,8,75,73
2259,2012,DJI,2,1,2,0,0,0,1,1
2260,2012,DMA,2,1,2,0,0,0,1,1
2261,2012,DOM,33,9,18,1,1,0,12,21
2262,2012,ECU,36,11,34,0,0,0,23,13
2263,2012,EGY,130,21,86,0,2,0,85,45
2264,2012,ERI,12,2,7,0,0,0,11,1
2265,2012,ESA,11,7,11,0,0,0,5,6
2266,2012,ESP,338,27,135,5,33,24,203,135
2267,2012,EST,36,11,30,0,1,1,25,11
2268,2012,ETH,33,2,14,3,1,3,17,16
2269,2012,FIJ,9,6,9,0,0,0,6,3
2270,2012,FIN,69,14,61,0,1,4,32,37
2271,2012,FRA,424,28,188,30,30,22,241,183
2272,2012,FSM,6,4,6,0,0,0,4,2
2273,2012,GAB,21,5,7,0,1,0,19,2
2274,2012,GAM,2,1,2,0,0,0,1,1
2275,2012,GBR,679,32,245,46,30,47,345,334
2276,2012,GBS,4,2,4,0,0,0,2,2
2277,2012,GEO,36,10,35,1,3,3,28,8
2278,2012,GEQ,2,1,2,0,0,0,1,1
2279,2012,GER,510,27,213,45,27,22,279,231
2280,2012,GHA,4,2,4,0,0,0,3,1
2281,2012,GRE,111,20,76,0,0,3,70,41
2282,2012,GRN,8,3,8,1,0,0,5,3
2283,2012,GUA,24,11,21,0,1,0,14,10
2284,2012,GUI,4,3,4,0,0,0,2,2
2285,2012,GUM,8,5,8,0,0,0,5,3
2286,2012,GUY,5,2,5,0,0,0,3,2
2287,2012,HAI,4,2,4,0,0,0,3,1
2288,2012,HKG,55,13,44,0,0,1,26,29
2289,2012,HON,24,7,9,0,0,0,21,3
2290,2012,HUN,200,21,110,12,8,6,113,87
2291,2012,INA,20,6,14,0,1,1,11,9
2292,2012,IND,76,11,45,0,2,4,50,26
2293,2012,IOA,4,3,4,0,0,0,3,1
2294,2012,IRI,55,13,49,4,5,3,44,11
2295,2012,IRL,73,14,51,1,1,3,39,34
2296,2012,IRQ,6,5,6,0,0,0,4,2
2297,2012,ISL,34,6,19,0,0,0,23,11
2298,2012,ISR,55,10,41,0,0,0,33,22
2299,2012,ISV,9,3,7,0,0,0,4,5
2300,2012,ITA,370,28,169,16,22,28,205,165
2301,2012,IVB,2,1,2,0,0,0,1,1
2302,2012,JAM,62,4,25,8,9,8,29,33
2303,2012,JOR,8,4,8,0,0,0,4,4
2304,2012,JPN,372,29,175,6,43,33,187,185
2305,2012,KAZ,120,17,95,7,1,4,82,38
2306,2012,KEN,50,4,22,2,4,5,29,21
2307,2012,KGZ,15,8,15,0,0,0,12,3
2308,2012,KIR,3,2,3,0,0,0,2,1
2309,2012,KOR,311,25,140,18,13,30,176,135
2310,2012,KSA,17,3,11,0,0,3,16,1
2311,2012,KUW,12,4,11,0,0,1,9,3
2312,2012,LAO,3,2,3,0,0,0,2,1
2313,2012,LAT,50,12,38,1,0,2,36,14
2314,2012,LBA,4,3,4,0,0,0,3,1
2315,2012,LBR,3,1,3,0,0,0,1,2
2316,2012,LCA,4,3,4,0,0,0,1,3
2317,2012,LES,3,1,3,0,0,0,2,1
2318,2012,LIB,10,7,10,0,0,0,3,7
2319,2012,LIE,4,3,4,0,0,0,1,3
2320,2012,LTU,66,13,48,2,1,2,41,25
2321,2012,LUX,11,7,11,0,0,0,7,4
2322,2012,MAD,7,5,7,0,0,0,3,4
2323,2012,MAR,58,11,31,0,0,1,40,18
2324,2012,MAS,38,9,25,0,1,1,22,16
2325,2012,MAW,3,2,3,0,0,0,1,2
2326,2012,MDA,20,9,19,0,0,2,12,8
2327,2012,MDV,5,3,5,0,0,0,3,2
2328,2012,MEX,115,23,72,15,5,3,72,43
2329,2012,MGL,31,7,31,0,2,3,17,14
2330,2012,MHL,4,2,4,0,0,0,2,2
2331,2012,MKD,4,2,4,0,0,0,2,2
2332,2012,MLI,3,3,3,0,0,0,1,2
2333,2012,MLT,5,3,5,0,0,0,3,2
2334,2012,MNE,34,7,9,0,14,0,19,15
2335,2012,MON,6,6,6,0,0,0,5,1
2336,2012,MOZ,5,3,5,0,0,0,3,2
2337,2012,MRI,11,7,10,0,0,0,4,7
2338,2012,MTN,2,1,2,0,0,0,1,1
2339,2012,MYA,6,5,6,0,0,0,3,3
2340,2012,NAM,9,5,8,0,0,0,5,4
2341,2012,NCA,4,3,4,0,0,0,3,1
2342,2012,NED,222,19,95,21,29,19,117,105
2343,2012,NEP,5,3,5,0,0,0,2,3
2344,2012,NGR,48,7,27,0,0,0,24,24
2345,2012,NIG,5,4,5,0,0,0,3,2
2346,2012,NOR,47,13,35,9,1,1,26,21
2347,2012,NRU,2,2,2,0,0,0,2,0
2348,2012,NZL,186,15,85,9,3,15,95,91
2349,2012,OMA,3,2,3,0,0,0,2,1
2350,2012,PAK,8,2,2,0,0,0,8,0
2351,2012,PAN,7,4,7,0,0,0,5,2
2352,2012,PAR,9,5,9,0,0,0,5,4
2353,2012,PER,16,9,14,0,0,0,9,7
2354,2012,PHI,11,8,11,0,0,0,7,4
2355,2012,PLE,5,3,5,0,0,0,3,2
2356,2012,PLW,5,4,5,0,0,0,2,3
2357,2012,PNG,8,5,8,0,0,0,4,4
2358,2012,POL,256,24,148,2,2,8,145,111
2359,2012,POR,98,14,75,0,2,0,56,42
2360,2012,PRK,54,10,25,4,0,2,16,38
2361,2012,PUR,14,6,12,0,1,1,9,5
2362,2012,QAT,14,4,13,0,0,2,9,5
2363,2012,ROU,137,14,73,2,8,3,76,61
2364,2012,RSA,143,16,63,6,2,1,82,61
2365,2012,RUS,547,30,238,50,38,51,265,282
2366,2012,RWA,7,4,7,0,0,0,5,2
2367,2012,SAM,9,6,9,0,0,0,6,3
2368,2012,SEN,32,8,16,0,0,0,25,7
2369,2012,SEY,5,4,5,0,0,0,3,2
2370,2012,SGP,36,9,29,0,0,4,12,24
2371,2012,SKN,7,1,3,0,0,0,7,0
2372,2012,SLE,2,1,2,0,0,0,1,1
2373,2012,SLO,78,15,68,1,1,3,30,48
2374,2012,SMR,4,4,4,0,0,0,1,3
2375,2012,SOL,2,2,2,0,0,0,1,1
2376,2012,SRB,134,15,55,1,1,14,92,42
2377,2012,SRI,8,4,8,0,0,0,5,3
2378,2012,STP,2,1,2,0,0,0,1,1
2379,2012,SUD,6,2,5,0,0,0,4,2
2380,2012,SUI,126,19,71,2,2,0,89,37
2381,2012,SUR,5,3,5,0,0,0,3,2
2382,2012,SVK,65,11,52,0,1,4,35,30
2383,2012,SWE,168,21,81,2,17,3,66,102
2384,2012,SWZ,3,2,3,0,0,0,2,1
2385,2012,SYR,10,7,10,0,0,0,6,4
2386,2012,TAN,6,3,5,0,0,0,4,2
2387,2012,TGA,2,2,2,0,0,0,1,1
2388,2012,THA,43,15,37,0,2,1,22,21
2389,2012,TJK,16,7,16,0,0,1,13,3
2390,2012,TKM,10,5,10,0,0,0,7,3
2391,2012,TLS,2,1,2,0,0,0,1,1
2392,2012,TOG,5,4,5,0,0,0,3,2
2393,2012,TPE,55,14,40,0,1,1,22,33
2394,2012,TTO,37,5,21,1,4,5,25,12
2395,2012,TUN,82,16,45,1,1,1,63,19
2396,2012,TUR,119,16,80,2,2,1,52,67
2397,2012,TUV,2,2,2,0,0,0,2,0
2398,2012,UAE,24,4,7,0,0,0,22,2
2399,2012,UGA,16,4,12,1,0,0,12,4
2400,2012,UKR,291,25,168,9,5,12,155,136
2401,2012,URU,27,8,11,0,0,0,24,3
2402,2012,USA,689,31,245,145,57,46,346,343
2403,2012,UZB,52,13,48,1,0,2,34,18
2404,2012,VAN,5,3,5,0,0,0,3,2
2405,2012,VEN,83,15,68,1,0,0,48,35
2406,2012,VIE,24,11,23,0,0,0,8,16
2407,2012,VIN,2,1,2,0,0,0,1,1
2408,2012,YEM,4,3,4,0,0,0,3,1
2409,2012,ZAM,6,4,6,0,0,0,5,1
2410,2012,ZIM,9,4,8,0,0,0,4,5
2411,2014,ALB,2,1,2,0,0,0,0,2
2412,2014,AND,12,3,10,0,0,0,7,5
2413,2014,ARG,9,1,9,0,0,0,4,5
2414,2014,ARM,6,2,5,0,0,0,5,1
2415,2014,AUS,82,11,46,0,2,1,39,43
2416,2014,AUT,213,14,70,4,12,11,139,74
2417,2014,AZE,2,1,2,0,0,0,2,0
2418,2014,BEL,10,4,9,0,0,0,5,5
2419,2014,BER,1,1,1,0,0,0,1,0
2420,2014,BIH,14,3,12,0,0,0,9,5
2421,2014,BLR,72,5,31,5,0,1,42,30
2422,2014,BRA,17,7,13,0,0,0,7,10
2423,2014,BUL,47,6,27,0,0,0,37,10
2424,2014,CAN,359,14,93,59,22,5,201,158
2425,2014,CAY,2,1,2,0,0,0,2,0
2426,2014,CHI,12,2,10,0,0,0,7,5
2427,2014,CHN,109,9,45,3,4,5,43,66
2428,2014,CRO,25,3,16,0,1,0,16,9
2429,2014,CYP,2,1,2,0,0,0,2,0
2430,2014,CZE,179,13,65,2,7,2,115,64
2431,2014,DEN,12,3,9,0,0,0,11,1
2432,2014,DMA,1,1,1,0,0,0,1,0
2433,2014,ESP,39,7,25,0,0,0,28,11
2434,2014,EST,60,6,24,0,0,0,46,14
2435,2014,FIN,147,9,41,2,7,24,95,52
2436,2014,FRA,189,12,68,4,4,9,118,71
2437,2014,GBR,76,10,40,1,4,5,45,31
2438,2014,GEO,7,2,5,0,0,0,4,3
2439,2014,GER,256,14,75,15,12,9,135,121
2440,2014,GRE,13,4,10,0,0,0,10,3
2441,2014,HKG,1,1,1,0,0,0,1,0
2442,2014,HUN,37,5,23,0,0,0,15,22
2443,2014,IND,2,2,2,0,0,0,2,0
2444,2014,IOA,1,1,1,0,0,0,1,0
2445,2014,IRI,7,2,5,0,0,0,5,2
2446,2014,IRL,8,4,8,0,0,0,6,2
2447,2014,ISL,4,1,2,0,0,0,4,0
2448,2014,ISR,3,1,3,0,0,0,3,0
2449,2014,ISV,2,1,2,0,0,0,0,2
2450,2014,ITA,214,13,74,0,2,12,124,90
2451,2014,IVB,1,1,1,0,0,0,1,0
2452,2014,JAM,2,1,1,0,0,0,2,0
2453,2014,JPN,159,15,58,0,4,6,69,90
2454,2014,KAZ,115,10,47,0,0,1,74,41
2455,2014,KOR,122,12,51,7,5,2,75,47
2456,2014,LAT,82,9,32,0,5,6,69,13
2457,2014,LIB,3,1,3,0,0,0,2,1
2458,2014,LIE,5,2,5,0,0,0,4,1
2459,2014,LTU,18,4,18,0,0,0,8,10
2460,2014,LUX,1,1,1,0,0,0,1,0
2461,2014,MAR,4,1,4,0,0,0,2,2
2462,2014,MDA,5,4,5,0,0,0,3,2
2463,2014,MEX,1,1,1,0,0,0,1,0
2464,2014,MGL,2,1,2,0,0,0,1,1
2465,2014,MKD,6,2,6,0,0,0,5,1
2466,2014,MLT,2,1,2,0,0,0,0,2
2467,2014,MNE,3,1,3,0,0,0,2,1
2468,2014,MON,11,2,8,0,0,0,9,2
2469,2014,NED,82,4,28,13,7,9,41,41
2470,2014,NEP,1,1,1,0,0,0,1,0
2471,2014,NOR,138,11,50,13,2,8,102,36
2472,2014,NZL,18,5,12,0,0,0,10,8
2473,2014,PAK,1,1,1,0,0,0,1,0
2474,2014,PAR,1,1,1,0,0,0,0,1
2475,2014,PER,5,2,5,0,0,0,3,2
2476,2014,POL,149,11,58,4,4,3,76,73
2477,2014,POR,4,1,4,0,0,0,2,2
2478,2014,ROU,40,8,32,0,0,0,25,15
2479,2014,RUS,333,15,92,27,20,11,190,143
2480,2014,SLO,116,8,38,2,2,4,75,41
2481,2014,SMR,2,1,2,0,0,0,1,1
2482,2014,SRB,17,5,14,0,0,0,12,5
2483,2014,SUI,213,12,61,6,4,20,120,93
2484,2014,SVK,115,9,38,1,0,0,74,41
2485,2014,SWE,146,9,38,8,30,11,84,62
2486,2014,TGA,1,1,1,0,0,0,1,0
2487,2014,THA,3,1,3,0,0,0,2,1
2488,2014,TJK,1,1,1,0,0,0,1,0
2489,2014,TLS,1,1,1,0,0,0,1,0
2490,2014,TOG,3,2,3,0,0,0,0,3
2491,2014,TPE,3,2,3,0,0,0,3,0
2492,2014,TUR,9,2,9,0,0,0,4,5
2493,2014,UKR,101,9,41,4,0,1,45,56
2494,2014,USA,367,15,94,10,30,24,209,158
2495,2014,UZB,4,1,4,0,0,0,2,2
2496,2014,VEN,1,1,1,0,0,0,1,0
2497,2014,ZIM,2,1,2,0,0,0,2,0
2498,2016,AFG,3,2,3,0,0,0,2,1
2499,2016,ALB,6,3,6,0,0,0,3,3
2500,2016,ALG,74,13,48,0,2,0,61,13
2501,2016,AND,4,4,4,0,0,0,2,2
2502,2016,ANG,26,7,10,0,0,0,8,18
2503,2016,ANT,8,2,5,0,0,0,6,2
2504,2016,ARG,232,26,80,21,1,0,150,82
2505,2016,ARM,34,8,32,1,3,0,24,10
2506,2016,ARU,7,4,6,0,0,0,3,4
2507,2016,ASA,4,3,4,0,0,0,3,1
2508,2016,AUS,512,31,193,23,34,25,253,259
2509,2016,AUT,85,23,61,0,0,2,45,40
2510,2016,AZE,69,15,62,1,7,10,53,16
2511,2016,BAH,32,3,18,1,0,5,16,16
2512,2016,BAN,4,4,4,0,0,0,3,1
2513,2016,BAR,13,5,11,0,0,0,8,5
2514,2016,BDI,10,3,9,0,1,0,6,4
2515,2016,BEL,138,19,74,2,17,2,85,53
2516,2016,BEN,6,4,6,0,0,0,4,2
2517,2016,BER,8,5,8,0,0,0,4,4
2518,2016,BHU,2,2,2,0,0,0,0,2
2519,2016,BIH,11,5,8,0,0,0,7,4
2520,2016,BIZ,3,2,3,0,0,0,2,1
2521,2016,BLR,142,22,86,1,4,7,65,77
2522,2016,BOL,12,5,10,0,0,0,6,6
2523,2016,BOT,10,2,5,0,0,0,8,2
2524,2016,BRA,581,34,222,36,8,6,322,259
2525,2016,BRN,28,4,19,1,1,0,18,10
2526,2016,BRU,3,2,3,0,0,0,2,1
2527,2016,BUL,58,14,51,0,1,6,33,25
2528,2016,BUR,5,3,5,0,0,0,3,2
2529,2016,CAF,5,4,5,0,0,0,2,3
2530,2016,CAM,6,4,6,0,0,0,2,4
2531,2016,CAN,403,31,174,4,4,61,149,254
2532,2016,CAY,5,3,5,0,0,0,3,2
2533,2016,CGO,8,4,7,0,0,0,5,3
2534,2016,CHA,2,1,2,0,0,0,1,1
2535,2016,CHI,47,16,36,0,0,0,26,21
2536,2016,CHN,499,32,209,46,30,37,204,295
2537,2016,CIV,14,6,11,1,0,1,6,8
2538,2016,CMR,22,6,13,0,0,0,5,17
2539,2016,COD,1,1,1,0,0,0,0,1
2540,2016,COK,9,5,9,0,0,0,4,5
2541,2016,COL,157,21,85,3,2,3,81,76
2542,2016,COM,4,2,4,0,0,0,2,2
2543,2016,CPV,4,3,4,0,0,0,1,3
2544,2016,CRC,11,6,10,0,0,0,7,4
2545,2016,CRO,93,18,47,7,15,2,69,24
2546,2016,CUB,143,19,99,5,2,4,100,43
2547,2016,CYP,21,6,19,0,0,0,14,7
2548,2016,CZE,135,20,92,1,2,12,79,56
2549,2016,DEN,143,16,67,15,10,16,82,61
2550,2016,DJI,8,3,7,0,0,0,7,1
2551,2016,DMA,2,1,2,0,0,0,1,1
2552,2016,DOM,30,11,22,0,0,1,22,8
2553,2016,ECU,39,12,28,0,0,0,23,16
2554,2016,EGY,134,23,84,0,0,3,89,45
2555,2016,ERI,6,2,5,0,0,0,5,1
2556,2016,ESA,6,5,6,0,0,0,4,2
2557,2016,ESP,362,28,146,9,19,17,190,172
2558,2016,EST,49,13,31,0,0,4,28,21
2559,2016,ETH,37,3,16,1,2,5,17,20
2560,2016,FIJ,47,8,10,13,0,0,34,13
2561,2016,FIN,66,16,54,0,0,1,33,33
2562,2016,FRA,511,32,202,20,55,21,295,216
2563,2016,FSM,5,3,5,0,0,0,2,3
2564,2016,GAB,6,4,6,0,0,0,4,2
2565,2016,GBR,471,26,195,63,55,25,263,208
2566,2016,GBS,5,3,5,0,0,0,3,2
2567,2016,GEO,45,12,40,2,1,4,31,14
2568,2016,GEQ,1,1,1,0,0,0,1,0
2569,2016,GER,535,29,217,49,43,67,289,246
2570,2016,GHA,10,3,7,0,0,0,3,7
2571,2016,GRE,103,16,64,3,1,3,67,36
2572,2016,GRN,4,2,3,0,1,0,3,1
2573,2016,GUA,25,10,19,0,0,0,15,10
2574,2016,GUI,5,3,5,0,0,0,2,3
2575,2016,GUM,5,3,5,0,0,0,3,2
2576,2016,GUY,7,2,7,0,0,0,3,4
2577,2016,HAI,6,5,6,0,0,0,5,1
2578,2016,HKG,47,9,32,0,0,0,17,30
2579,2016,HON,23,7,8,0,0,0,22,1
2580,2016,HUN,204,20,113,12,3,7,114,90
2581,2016,INA,31,7,20,2,2,0,20,11
2582,2016,IND,121,15,63,0,1,1,64,57
2583,2016,IOA,6,2,5,1,0,1,5,1
2584,2016,IRI,67,15,46,3,1,4,56,11
2585,2016,IRL,93,14,57,0,3,0,62,31
2586,2016,IRQ,20,5,5,0,0,0,20,0
2587,2016,ISL,14,4,14,0,0,0,4,10
2588,2016,ISR,59,16,45,0,0,2,28,31
2589,2016,ISV,5,3,5,0,0,0,4,1
2590,2016,ITA,399,26,171,8,40,24,213,186
2591,2016,IVB,3,2,3,0,0,0,0,3
2592,2016,JAM,75,4,32,10,16,2,32,43
2593,2016,JOR,8,6,8,1,0,0,7,1
2594,2016,JPN,436,32,186,17,13,34,227,209
2595,2016,KAZ,123,19,98,3,5,10,66,57
2596,2016,KEN,74,7,28,6,6,0,44,30
2597,2016,KGZ,18,6,16,0,0,0,11,7
2598,2016,KIR,3,2,3,0,0,0,2,1
2599,2016,KOR,259,26,113,13,3,10,145,114
2600,2016,KOS,8,5,8,1,0,0,3,5
2601,2016,KSA,11,5,10,0,0,0,8,3
2602,2016,LAO,4,3,4,0,0,0,2,2
2603,2016,LAT,33,12,25,0,0,0,20,13
2604,2016,LBA,2,2,2,0,0,0,2,0
2605,2016,LCA,5,3,4,0,0,0,2,3
2606,2016,LES,3,1,3,0,0,0,3,0
2607,2016,LIB,8,7,8,0,0,0,4,4
2608,2016,LIE,3,2,3,0,0,0,1,2
2609,2016,LTU,80,15,49,0,2,5,60,20
2610,2016,LUX,15,5,14,0,0,0,8,7
2611,2016,MAD,6,4,6,0,0,0,2,4
2612,2016,MAR,52,13,39,0,0,1,31,21
2613,2016,MAS,42,10,29,0,7,1,23,19
2614,2016,MAW,5,3,5,0,0,0,3,2
2615,2016,MDA,23,9,22,0,0,0,14,9
2616,2016,MDV,3,2,3,0,0,0,1,2
2617,2016,MEX,139,27,80,0,3,2,83,56
2618,2016,MGL,45,9,40,0,1,1,25,20
2619,2016,MHL,5,3,5,0,0,0,2,3
2620,2016,MKD,6,4,6,0,0,0,2,4
2621,2016,MLI,5,3,5,0,0,0,3,2
2622,2016,MLT,5,4,5,0,0,0,3,2
2623,2016,MNE,35,7,9,0,0,0,17,18
2624,2016,MON,8,3,8,0,0,0,8,0
2625,2016,MOZ,8,4,7,0,0,0,7,1
2626,2016,MRI,10,6,10,0,0,0,5,5
2627,2016,MTN,2,1,2,0,0,0,1,1
2628,2016,MYA,7,5,7,0,0,0,5,2
2629,2016,NAM,11,4,9,0,0,0,5,6
2630,2016,NCA,5,4,5,0,0,0,3,2
2631,2016,NED,329,23,122,9,25,13,153,176
2632,2016,NEP,7,5,7,0,0,0,3,4
2633,2016,NGR,73,9,34,0,0,17,46,27
2634,2016,NIG,6,4,6,0,1,0,4,2
2635,2016,NOR,57,11,39,0,0,19,29,28
2636,2016,NRU,2,2,2,0,0,0,2,0
2637,2016,NZL,230,20,99,6,24,5,117,113
2638,2016,OMA,3,2,3,0,0,0,2,1
2639,2016,PAK,5,3,5,0,0,0,3,2
2640,2016,PAN,14,7,14,0,0,0,5,9
2641,2016,PAR,11,7,11,0,0,0,6,5
2642,2016,PER,34,11,28,0,0,0,19,15
2643,2016,PHI,12,7,12,0,1,0,6,6
2644,2016,PLE,4,3,4,0,0,0,3,1
2645,2016,PLW,6,4,6,0,0,0,3,3
2646,2016,PNG,8,6,8,0,0,0,6,2
2647,2016,POL,289,24,144,3,3,10,164,125
2648,2016,POR,106,17,61,0,0,1,72,34
2649,2016,PRK,38,9,28,2,3,2,13,25
2650,2016,PUR,40,15,26,1,0,0,13,27
2651,2016,QAT,42,10,20,0,1,0,40,2
2652,2016,ROT,12,3,12,0,0,0,7,5
2653,2016,ROU,121,15,62,4,2,10,46,75
2654,2016,RSA,151,15,69,2,6,14,107,44
2655,2016,RUS,402,29,180,52,28,35,201,201
2656,2016,RWA,2,2,2,0,0,0,1,1
2657,2016,SAM,5,3,5,0,0,0,3,2
2658,2016,SEN,22,8,11,0,0,0,6,16
2659,2016,SEY,10,6,10,0,0,0,8,2
2660,2016,SGP,32,7,24,1,0,0,12,20
2661,2016,SKN,9,1,4,0,0,0,8,1
2662,2016,SLO,70,12,45,1,2,1,41,29
2663,2016,SMR,4,2,3,0,0,0,2,2
2664,2016,SOL,1,1,1,0,0,0,0,1
2665,2016,SRB,127,14,56,14,27,13,70,57
2666,2016,SRI,10,6,10,0,0,0,8,2
2667,2016,SSD,3,1,3,0,0,0,2,1
2668,2016,STP,3,2,3,0,0,0,2,1
2669,2016,SUD,6,3,6,0,0,0,4,2
2670,2016,SUI,152,17,80,6,3,2,91,61
2671,2016,SUR,2,2,2,0,0,0,2,0
2672,2016,SVK,63,12,49,3,5,0,39,24
2673,2016,SWE,186,22,79,2,23,3,74,112
2674,2016,SWZ,2,1,2,0,0,0,1,1
2675,2016,SYR,6,4,6,0,0,0,4,2
2676,2016,TAN,4,3,4,0,0,0,3,1
2677,2016,TGA,7,4,7,0,0,0,4,3
2678,2016,THA,58,15,45,2,2,2,28,30
2679,2016,TJK,7,4,7,1,0,0,5,2
2680,2016,TKM,9,5,9,0,0,0,4,5
2681,2016,TLS,1,1,1,0,0,0,1,0
2682,2016,TOG,1,1,1,0,0,0,0,1
2683,2016,TPE,66,18,45,1,0,4,31,35
2684,2016,TTO,40,6,22,0,0,1,22,18
2685,2016,TUN,63,16,45,0,0,3,44,19
2686,2016,TUR,119,21,88,1,3,4,65,54
2687,2016,TUV,1,1,1,0,0,0,1,0
2688,2016,UAE,11,6,10,0,0,1,8,3
2689,2016,UGA,6,3,5,0,0,0,5,1
2690,2016,UKR,270,24,141,2,8,5,125,145
2691,2016,URU,17,8,14,0,0,0,12,5
2692,2016,USA,718,33,245,138,54,71,349,369
2693,2016,UZB,77,15,67,4,2,7,53,24
2694,2016,VAN,3,3,3,0,0,0,3,0
2695,2016,VEN,104,19,76,0,1,2,75,29
2696,2016,VIE,28,10,24,1,1,0,12,16
2697,2016,VIN,2,1,2,0,0,0,1,1
2698,2016,YEM,3,3,3,0,0,0,2,1
2699,2016,ZAM,6,3,6,0,0,0,4,2
2700,2016,ZIM,31,7,13,0,0,0,9,22
